type,title,url
FINRA Rule,Updates,https://www.finra.org/rules-guidance/rulebooks/updates
FINRA Rule,40 FINRA Rules,https://www.finra.org/rules-guidance/rulebooks/finra-rulebook-search-tool-first#first-rules
FINRA Rule,Learn More,https://www.finra.org/rules-guidance/rulebooks/finra-rulebook-search-tool-first
FINRA Rule,Expand All,https://www.finra.org/rules-guidance/rulebooks/finra-rules-expanded
FINRA Rule,0100. General Standards,https://www.finra.org/rules-guidance/rulebooks/finra-rules/0100
FINRA Rule,1000. Member Application and Associated Person Registration,https://www.finra.org/rules-guidance/rulebooks/finra-rules/1000
FINRA Rule,2000. Duties and Conflicts,https://www.finra.org/rules-guidance/rulebooks/finra-rules/2000
FINRA Rule,3000. Supervision and Responsibilities Relating to Associated Persons,https://www.finra.org/rules-guidance/rulebooks/finra-rules/3000
FINRA Rule,4000. Financial and Operational Rules,https://www.finra.org/rules-guidance/rulebooks/finra-rules/4000
FINRA Rule,5000. Securities Offering and Trading Standards and Practices,https://www.finra.org/rules-guidance/rulebooks/finra-rules/5000
FINRA Rule,"6000. Quotation, Order, and Transaction Reporting Facilities",https://www.finra.org/rules-guidance/rulebooks/finra-rules/6000
FINRA Rule,"7000. Clearing, Transaction and Order Data Requirements, and Facility Charges",https://www.finra.org/rules-guidance/rulebooks/finra-rules/7000
FINRA Rule,8000. Investigations and Sanctions,https://www.finra.org/rules-guidance/rulebooks/finra-rules/8000
FINRA Rule,9000. Code of Procedure,https://www.finra.org/rules-guidance/rulebooks/finra-rules/9000
FINRA Rule,11000. Uniform Practice Code,https://www.finra.org/rules-guidance/rulebooks/finra-rules/11000
FINRA Rule,12000. Code of Arbitration Procedure for Customer Disputes,https://www.finra.org/rules-guidance/rulebooks/finra-rules/12000
FINRA Rule,13000. Code of Arbitration Procedure for Industry Disputes,https://www.finra.org/rules-guidance/rulebooks/finra-rules/13000
FINRA Rule,14000. Code of Mediation Procedure,https://www.finra.org/rules-guidance/rulebooks/finra-rules/14000
FINRA Rule,0110. Adoption of Rules,https://www.finra.org/rules-guidance/rulebooks/finra-rules/0110
FINRA Rule,0120. Effective Date,https://www.finra.org/rules-guidance/rulebooks/finra-rules/0120
FINRA Rule,0130. Interpretation,https://www.finra.org/rules-guidance/rulebooks/finra-rules/0130
FINRA Rule,0140. Applicability,https://www.finra.org/rules-guidance/rulebooks/finra-rules/0140
FINRA Rule,0150. Application of Rules to Exempted Securities Except Municipal Securities,https://www.finra.org/rules-guidance/rulebooks/finra-rules/0150
FINRA Rule,0151. Coordination with the MSRB,https://www.finra.org/rules-guidance/rulebooks/finra-rules/0151
FINRA Rule,0160. Definitions,https://www.finra.org/rules-guidance/rulebooks/finra-rules/0160
FINRA Rule,"0170. Delegation, Authority and Access",https://www.finra.org/rules-guidance/rulebooks/finra-rules/0170
FINRA Rule,0180. Application of Rules to Security-Based Swaps,https://www.finra.org/rules-guidance/rulebooks/finra-rules/0180
FINRA Rule,"0190. Effective Date of Revocation, Cancellation, Expulsion, Suspension or Resignation",https://www.finra.org/rules-guidance/rulebooks/finra-rules/0190
FINRA Rule,1010. Electronic Filing Requirements for Uniform Forms,https://www.finra.org/rules-guidance/rulebooks/finra-rules/1010
FINRA Rule,1011. Definitions,https://www.finra.org/rules-guidance/rulebooks/finra-rules/1011
FINRA Rule,1012. General Provisions,https://www.finra.org/rules-guidance/rulebooks/finra-rules/1012
FINRA Rule,1013. New Member Application and Interview,https://www.finra.org/rules-guidance/rulebooks/finra-rules/1013
FINRA Rule,1014. Department Decision,https://www.finra.org/rules-guidance/rulebooks/finra-rules/1014
FINRA Rule,1015. Review by National Adjudicatory Council,https://www.finra.org/rules-guidance/rulebooks/finra-rules/1015
FINRA Rule,1016. Discretionary Review by FINRA Board,https://www.finra.org/rules-guidance/rulebooks/finra-rules/1016
FINRA Rule,"1017. Application for Approval of Change in Ownership, Control, or Business Operations",https://www.finra.org/rules-guidance/rulebooks/finra-rules/1017
FINRA Rule,1018. Reserved,https://www.finra.org/rules-guidance/rulebooks/finra-rules/1018
FINRA Rule,1019. Application to the SEC for Review,https://www.finra.org/rules-guidance/rulebooks/finra-rules/1019
FINRA Rule,1020. Approval of Change in Exempt Status Under SEA Rule 15c3-3,https://www.finra.org/rules-guidance/rulebooks/finra-rules/1020
FINRA Rule,1021. Foreign Members,https://www.finra.org/rules-guidance/rulebooks/finra-rules/1021
FINRA Rule,1113. Restriction Pertaining to New Member Applications,https://www.finra.org/rules-guidance/rulebooks/finra-rules/1113
FINRA Rule,1122. Filing of Misleading Information as to Membership or Registration,https://www.finra.org/rules-guidance/rulebooks/finra-rules/1122
FINRA Rule,1210. Registration Requirements,https://www.finra.org/rules-guidance/rulebooks/finra-rules/1210
FINRA Rule,1220. Registration Categories,https://www.finra.org/rules-guidance/rulebooks/finra-rules/1220
FINRA Rule,1230. Associated Persons Exempt from Registration,https://www.finra.org/rules-guidance/rulebooks/finra-rules/1230
FINRA Rule,1240. Continuing Education,https://www.finra.org/rules-guidance/rulebooks/finra-rules/1240
FINRA Rule,2010. STANDARDS OF COMMERCIAL HONOR AND PRINCIPLES OF TRADE,https://www.finra.org/rules-guidance/rulebooks/finra-rules/2010
FINRA Rule,"2020. Use of Manipulative, Deceptive or Other Fraudulent Devices",https://www.finra.org/rules-guidance/rulebooks/finra-rules/2020
FINRA Rule,2030. Engaging in Distribution and Solicitation Activities with Government Entities,https://www.finra.org/rules-guidance/rulebooks/finra-rules/2030
FINRA Rule,2040. Payments to Unregistered Persons,https://www.finra.org/rules-guidance/rulebooks/finra-rules/2040
FINRA Rule,2060. Use of Information Obtained in Fiduciary Capacity,https://www.finra.org/rules-guidance/rulebooks/finra-rules/2060
FINRA Rule,2070. Transactions Involving FINRA Employees,https://www.finra.org/rules-guidance/rulebooks/finra-rules/2070
FINRA Rule,2080. Obtaining an Order of Expungement of Customer Dispute Information from the Central Registration Depository (CRD) System,https://www.finra.org/rules-guidance/rulebooks/finra-rules/2080
FINRA Rule,2081. Prohibited Conditions Relating to Expungement of Customer Dispute,https://www.finra.org/rules-guidance/rulebooks/finra-rules/2081
FINRA Rule,2090. Know Your Customer,https://www.finra.org/rules-guidance/rulebooks/finra-rules/2090
FINRA Rule,2111. Suitability,https://www.finra.org/rules-guidance/rulebooks/finra-rules/2111
FINRA Rule,2114. Recommendations to Customers in OTC Equity Securities,https://www.finra.org/rules-guidance/rulebooks/finra-rules/2114
FINRA Rule,2121. Fair Prices and Commissions,https://www.finra.org/rules-guidance/rulebooks/finra-rules/2121
FINRA Rule,2122. Charges for Services Performed,https://www.finra.org/rules-guidance/rulebooks/finra-rules/2122
FINRA Rule,2124. Net Transactions with Customers,https://www.finra.org/rules-guidance/rulebooks/finra-rules/2124
FINRA Rule,2130. Approval Procedures for Day-Trading Accounts,https://www.finra.org/rules-guidance/rulebooks/finra-rules/2130
FINRA Rule,2140. Interfering With the Transfer of Customer Accounts in the Context of Employment Disputes,https://www.finra.org/rules-guidance/rulebooks/finra-rules/2140
FINRA Rule,2150. Improper Use of Customers' Securities or Funds; Prohibition Against Guarantees and Sharing in Accounts,https://www.finra.org/rules-guidance/rulebooks/finra-rules/2150
FINRA Rule,2165. Financial Exploitation of Specified Adults,https://www.finra.org/rules-guidance/rulebooks/finra-rules/2165
FINRA Rule,2210. Communications with the Public,https://www.finra.org/rules-guidance/rulebooks/finra-rules/2210
FINRA Rule,2211. Communications with the Public About Variable Life Insurance and Variable Annuities,https://www.finra.org/rules-guidance/rulebooks/finra-rules/2211
FINRA Rule,2212. Use of Investment Companies Rankings in Retail Communications,https://www.finra.org/rules-guidance/rulebooks/finra-rules/2212
FINRA Rule,2213. Requirements for the Use of Bond Mutual Fund Volatility Ratings,https://www.finra.org/rules-guidance/rulebooks/finra-rules/2213
FINRA Rule,2214. Requirements for the Use of Investment Analysis Tools,https://www.finra.org/rules-guidance/rulebooks/finra-rules/2214
FINRA Rule,2215. Communications with the Public Regarding Security Futures,https://www.finra.org/rules-guidance/rulebooks/finra-rules/2215
FINRA Rule,2216. Communications with the Public About Collateralized Mortgage Obligations (CMOs),https://www.finra.org/rules-guidance/rulebooks/finra-rules/2216
FINRA Rule,2220. Options Communications,https://www.finra.org/rules-guidance/rulebooks/finra-rules/2220
FINRA Rule,2231. Customer Account Statements,https://www.finra.org/rules-guidance/rulebooks/finra-rules/2231
FINRA Rule,2232. Customer Confirmations,https://www.finra.org/rules-guidance/rulebooks/finra-rules/2232
FINRA Rule,2241. Research Analysts and Research Reports,https://www.finra.org/rules-guidance/rulebooks/finra-rules/2241
FINRA Rule,2242. Debt Research Analysts and Debt Research Reports,https://www.finra.org/rules-guidance/rulebooks/finra-rules/2242
FINRA Rule,2251. Processing and Forwarding of Proxy and Other Issuer-Related Materials,https://www.finra.org/rules-guidance/rulebooks/finra-rules/2251
FINRA Rule,2261. Disclosure of Financial Condition,https://www.finra.org/rules-guidance/rulebooks/finra-rules/2261
FINRA Rule,2262. Disclosure of Control Relationship with Issuer,https://www.finra.org/rules-guidance/rulebooks/finra-rules/2262
FINRA Rule,2263. Arbitration Disclosure to Associated Persons Signing or Acknowledging Form U4,https://www.finra.org/rules-guidance/rulebooks/finra-rules/2263
FINRA Rule,2264. Margin Disclosure Statement,https://www.finra.org/rules-guidance/rulebooks/finra-rules/2264
FINRA Rule,2265. Extended Hours Trading Risk Disclosure,https://www.finra.org/rules-guidance/rulebooks/finra-rules/2265
FINRA Rule,2266. SIPC Information,https://www.finra.org/rules-guidance/rulebooks/finra-rules/2266
FINRA Rule,2267. Investor Education and Protection,https://www.finra.org/rules-guidance/rulebooks/finra-rules/2267
FINRA Rule,2268. Requirements When Using Predispute Arbitration Agreements for Customer Accounts,https://www.finra.org/rules-guidance/rulebooks/finra-rules/2268
FINRA Rule,2269. Disclosure of Participation or Interest in Primary or Secondary Distribution,https://www.finra.org/rules-guidance/rulebooks/finra-rules/2269
FINRA Rule,2270. Day-Trading Risk Disclosure Statement,https://www.finra.org/rules-guidance/rulebooks/finra-rules/2270
FINRA Rule,2272. Sales and Offers of Sales of Securities on Military Installations,https://www.finra.org/rules-guidance/rulebooks/finra-rules/2272
FINRA Rule,2273. Educational Communication Related to Recruitment Practices and Account Transfers,https://www.finra.org/rules-guidance/rulebooks/finra-rules/2273
FINRA Rule,2310. Direct Participation Programs,https://www.finra.org/rules-guidance/rulebooks/finra-rules/2310
FINRA Rule,2320. Variable Contracts of an Insurance Company,https://www.finra.org/rules-guidance/rulebooks/finra-rules/2320
FINRA Rule,2330. Members' Responsibilities Regarding Deferred Variable Annuities,https://www.finra.org/rules-guidance/rulebooks/finra-rules/2330
FINRA Rule,2341. Investment Company Securities,https://www.finra.org/rules-guidance/rulebooks/finra-rules/2341
FINRA Rule,"2342. ""Breakpoint"" Sales",https://www.finra.org/rules-guidance/rulebooks/finra-rules/2342
FINRA Rule,"2351. General Provisions Applicable to Trading in Index Warrants, Currency Index Warrants and Currency Warrants",https://www.finra.org/rules-guidance/rulebooks/finra-rules/2351
FINRA Rule,2352. Account Approval,https://www.finra.org/rules-guidance/rulebooks/finra-rules/2352
FINRA Rule,2353. Suitability,https://www.finra.org/rules-guidance/rulebooks/finra-rules/2353
FINRA Rule,2354. Discretionary Accounts,https://www.finra.org/rules-guidance/rulebooks/finra-rules/2354
FINRA Rule,2355. Supervision of Accounts,https://www.finra.org/rules-guidance/rulebooks/finra-rules/2355
FINRA Rule,2356. Customer Complaints,https://www.finra.org/rules-guidance/rulebooks/finra-rules/2356
FINRA Rule,"2357. Communications with the Public and Customers Concerning Index Warrants, Currency Index Warrants and Currency Warrants",https://www.finra.org/rules-guidance/rulebooks/finra-rules/2357
FINRA Rule,2358. Maintenance of Records,https://www.finra.org/rules-guidance/rulebooks/finra-rules/2358
FINRA Rule,2359. Position and Exercise Limits; Liquidations,https://www.finra.org/rules-guidance/rulebooks/finra-rules/2359
FINRA Rule,2360. Options,https://www.finra.org/rules-guidance/rulebooks/finra-rules/2360
FINRA Rule,2370. Security Futures,https://www.finra.org/rules-guidance/rulebooks/finra-rules/2370
FINRA Rule,3110. Supervision,https://www.finra.org/rules-guidance/rulebooks/finra-rules/3110
FINRA Rule,3120. Supervisory Control System,https://www.finra.org/rules-guidance/rulebooks/finra-rules/3120
FINRA Rule,3130. Annual Certification of Compliance and Supervisory Processes,https://www.finra.org/rules-guidance/rulebooks/finra-rules/3130
FINRA Rule,3150. Holding of Customer Mail,https://www.finra.org/rules-guidance/rulebooks/finra-rules/3150
FINRA Rule,3160. Networking Arrangements Between Members and Financial Institutions,https://www.finra.org/rules-guidance/rulebooks/finra-rules/3160
FINRA Rule,3170. Tape Recording of Registered Persons by Certain Firms,https://www.finra.org/rules-guidance/rulebooks/finra-rules/3170
FINRA Rule,3210. Accounts At Other Broker-Dealers and Financial Institutions,https://www.finra.org/rules-guidance/rulebooks/finra-rules/3210
FINRA Rule,3220. Influencing or Rewarding Employees of Others,https://www.finra.org/rules-guidance/rulebooks/finra-rules/3220
FINRA Rule,3230. Telemarketing,https://www.finra.org/rules-guidance/rulebooks/finra-rules/3230
FINRA Rule,3240. Prohibition on Borrowing From or Lending to Customers,https://www.finra.org/rules-guidance/rulebooks/finra-rules/3240
FINRA Rule,3241.  Registered Person Being Named a Customer’s Beneficiary or Holding a Position of Trust for a Customer,https://www.finra.org/rules-guidance/rulebooks/finra-rules/3241
FINRA Rule,3250. Designation of Accounts,https://www.finra.org/rules-guidance/rulebooks/finra-rules/3250
FINRA Rule,3260. Discretionary Accounts,https://www.finra.org/rules-guidance/rulebooks/finra-rules/3260
FINRA Rule,3270. Outside Business Activities of Registered Persons,https://www.finra.org/rules-guidance/rulebooks/finra-rules/3270
FINRA Rule,3280. Private Securities Transactions of an Associated Person,https://www.finra.org/rules-guidance/rulebooks/finra-rules/3280
FINRA Rule,3310. Anti-Money Laundering Compliance Program,https://www.finra.org/rules-guidance/rulebooks/finra-rules/3310
FINRA Rule,4110. Capital Compliance,https://www.finra.org/rules-guidance/rulebooks/finra-rules/4110
FINRA Rule,4111.  Restricted Firm Obligations,https://www.finra.org/rules-guidance/rulebooks/finra-rules/4111
FINRA Rule,4120. Regulatory Notification and Business Curtailment,https://www.finra.org/rules-guidance/rulebooks/finra-rules/4120
FINRA Rule,4130. Regulation of Activities of Section 15C Members Experiencing Financial and/or Operational Difficulties,https://www.finra.org/rules-guidance/rulebooks/finra-rules/4130
FINRA Rule,4140. Audit,https://www.finra.org/rules-guidance/rulebooks/finra-rules/4140
FINRA Rule,"4150. Guarantees by, or Flow Through Benefits for, Members",https://www.finra.org/rules-guidance/rulebooks/finra-rules/4150
FINRA Rule,4160. Verification of Assets,https://www.finra.org/rules-guidance/rulebooks/finra-rules/4160
FINRA Rule,4210. Margin Requirements,https://www.finra.org/rules-guidance/rulebooks/finra-rules/4210
FINRA Rule,4220. Daily Record of Required Margin,https://www.finra.org/rules-guidance/rulebooks/finra-rules/4220
FINRA Rule,4230. Required Submissions for Requests for Extensions of Time Under Regulation T and SEA Rule 15c3-3,https://www.finra.org/rules-guidance/rulebooks/finra-rules/4230
FINRA Rule,4240. Security-Based Swap Margin Requirements,https://www.finra.org/rules-guidance/rulebooks/finra-rules/4240
FINRA Rule,4300. OPERATIONS,https://www.finra.org/rules-guidance/rulebooks/finra-rules/4300
FINRA Rule,4511. General Requirements,https://www.finra.org/rules-guidance/rulebooks/finra-rules/4511
FINRA Rule,4512. Customer Account Information,https://www.finra.org/rules-guidance/rulebooks/finra-rules/4512
FINRA Rule,4513. Records of Written Customer Complaints,https://www.finra.org/rules-guidance/rulebooks/finra-rules/4513
FINRA Rule,4514. Authorization Records for Negotiable Instruments Drawn From a Customer's Account,https://www.finra.org/rules-guidance/rulebooks/finra-rules/4514
FINRA Rule,4515. Approval and Documentation of Changes in Account Name or Designation,https://www.finra.org/rules-guidance/rulebooks/finra-rules/4515
FINRA Rule,4517. Member Filing and Contact Information Requirements,https://www.finra.org/rules-guidance/rulebooks/finra-rules/4517
FINRA Rule,4518. Notification to FINRA in Connection with the JOBS Act,https://www.finra.org/rules-guidance/rulebooks/finra-rules/4518
FINRA Rule,"4521. Notifications, Questionnaires and Reports",https://www.finra.org/rules-guidance/rulebooks/finra-rules/4521
FINRA Rule,"4522. Periodic Security Counts, Verifications and Comparisons",https://www.finra.org/rules-guidance/rulebooks/finra-rules/4522
FINRA Rule,4523. Assignment of Responsibility for General Ledger Accounts and Identification of Suspense Accounts,https://www.finra.org/rules-guidance/rulebooks/finra-rules/4523
FINRA Rule,4524. Supplemental FOCUS Information,https://www.finra.org/rules-guidance/rulebooks/finra-rules/4524
FINRA Rule,4530. Reporting Requirements,https://www.finra.org/rules-guidance/rulebooks/finra-rules/4530
FINRA Rule,4540. Reporting Requirements for Clearing Firms,https://www.finra.org/rules-guidance/rulebooks/finra-rules/4540
FINRA Rule,4551. Requirements for Alternative Trading Systems to Record and Transmit Order and Execution Information for Security Futures,https://www.finra.org/rules-guidance/rulebooks/finra-rules/4551
FINRA Rule,4560. Short-Interest Reporting,https://www.finra.org/rules-guidance/rulebooks/finra-rules/4560
FINRA Rule,4570. Custodian of Books and Records,https://www.finra.org/rules-guidance/rulebooks/finra-rules/4570
FINRA Rule,4580. Books and Records Requirements for Government Distribution and Solicitation Activities,https://www.finra.org/rules-guidance/rulebooks/finra-rules/4580
FINRA Rule,4590. Synchronization of Member Business Clocks,https://www.finra.org/rules-guidance/rulebooks/finra-rules/4590
FINRA Rule,5110. Corporate Financing Rule — Underwriting Terms and Arrangements,https://www.finra.org/rules-guidance/rulebooks/finra-rules/5110
FINRA Rule,5121. Public Offerings of Securities With Conflicts of Interest,https://www.finra.org/rules-guidance/rulebooks/finra-rules/5121
FINRA Rule,5122. Private Placements of Securities Issued by Members,https://www.finra.org/rules-guidance/rulebooks/finra-rules/5122
FINRA Rule,5123. Private Placements of Securities,https://www.finra.org/rules-guidance/rulebooks/finra-rules/5123
FINRA Rule,5130. Restrictions on the Purchase and Sale of Initial Equity Public Offerings,https://www.finra.org/rules-guidance/rulebooks/finra-rules/5130
FINRA Rule,5131. New Issue Allocations and Distributions,https://www.finra.org/rules-guidance/rulebooks/finra-rules/5131
FINRA Rule,5141. Sale of Securities in a Fixed Price Offering,https://www.finra.org/rules-guidance/rulebooks/finra-rules/5141
FINRA Rule,5150. Fairness Opinions,https://www.finra.org/rules-guidance/rulebooks/finra-rules/5150
FINRA Rule,5160. Disclosure of Price and Concessions in Selling Agreements,https://www.finra.org/rules-guidance/rulebooks/finra-rules/5160
FINRA Rule,5190. Notification Requirements for Offering Participants,https://www.finra.org/rules-guidance/rulebooks/finra-rules/5190
FINRA Rule,5210. Publication of Transactions and Quotations,https://www.finra.org/rules-guidance/rulebooks/finra-rules/5210
FINRA Rule,5220. Offers at Stated Prices,https://www.finra.org/rules-guidance/rulebooks/finra-rules/5220
FINRA Rule,5230. Payments Involving Publications that Influence the Market Price of a Security,https://www.finra.org/rules-guidance/rulebooks/finra-rules/5230
FINRA Rule,5240. Anti-Intimidation/Coordination,https://www.finra.org/rules-guidance/rulebooks/finra-rules/5240
FINRA Rule,5250. Payments for Market Making,https://www.finra.org/rules-guidance/rulebooks/finra-rules/5250
FINRA Rule,"5260. Prohibition on Transactions, Publication of Quotations, or Publication of Indications of Interest During Trading Halts",https://www.finra.org/rules-guidance/rulebooks/finra-rules/5260
FINRA Rule,5270. Front Running of Block Transactions,https://www.finra.org/rules-guidance/rulebooks/finra-rules/5270
FINRA Rule,5280. Trading Ahead of Research Reports,https://www.finra.org/rules-guidance/rulebooks/finra-rules/5280
FINRA Rule,5290. Order Entry and Execution Practices,https://www.finra.org/rules-guidance/rulebooks/finra-rules/5290
FINRA Rule,5310. Best Execution and Interpositioning,https://www.finra.org/rules-guidance/rulebooks/finra-rules/5310
FINRA Rule,5320. Prohibition Against Trading Ahead of Customer Orders,https://www.finra.org/rules-guidance/rulebooks/finra-rules/5320
FINRA Rule,5330. Adjustment of Orders,https://www.finra.org/rules-guidance/rulebooks/finra-rules/5330
FINRA Rule,5340. Pre-Time Stamping,https://www.finra.org/rules-guidance/rulebooks/finra-rules/5340
FINRA Rule,5350. Stop Orders,https://www.finra.org/rules-guidance/rulebooks/finra-rules/5350
FINRA Rule,6110. Trading Otherwise than on an Exchange,https://www.finra.org/rules-guidance/rulebooks/finra-rules/6110
FINRA Rule,6120. Trading Halts,https://www.finra.org/rules-guidance/rulebooks/finra-rules/6120
FINRA Rule,6121. Trading Halts Due to Extraordinary Market Volatility,https://www.finra.org/rules-guidance/rulebooks/finra-rules/6121
FINRA Rule,6130. Transactions Related to Initial Public Offerings,https://www.finra.org/rules-guidance/rulebooks/finra-rules/6130
FINRA Rule,6140. Other Trading Practices,https://www.finra.org/rules-guidance/rulebooks/finra-rules/6140
FINRA Rule,6150. Obligation to Provide Information,https://www.finra.org/rules-guidance/rulebooks/finra-rules/6150
FINRA Rule,6151.  Disclosure of Order Routing Information for NMS Securities,https://www.finra.org/rules-guidance/rulebooks/finra-rules/6151
FINRA Rule,6160. Multiple MPIDs for Trade Reporting Facility Participants,https://www.finra.org/rules-guidance/rulebooks/finra-rules/6160
FINRA Rule,6170. Multiple MPIDs for Alternative Display Facility Participants,https://www.finra.org/rules-guidance/rulebooks/finra-rules/6170
FINRA Rule,6181. Timely Transaction Reporting,https://www.finra.org/rules-guidance/rulebooks/finra-rules/6181
FINRA Rule,6182. Trade Reporting of Short Sales,https://www.finra.org/rules-guidance/rulebooks/finra-rules/6182
FINRA Rule,6183. Exemption from Trade Reporting Obligation for Certain Alternative Trading Systems,https://www.finra.org/rules-guidance/rulebooks/finra-rules/6183
FINRA Rule,"6184. Transactions in Exchange-Traded Managed Fund Shares (""NextShares"")",https://www.finra.org/rules-guidance/rulebooks/finra-rules/6184
FINRA Rule,6190. Compliance with Regulation NMS Plan to Address Extraordinary Market Volatility,https://www.finra.org/rules-guidance/rulebooks/finra-rules/6190
FINRA Rule,6191. Compliance with Regulation NMS Plan to Implement a Tick Size Pilot Program,https://www.finra.org/rules-guidance/rulebooks/finra-rules/6191
FINRA Rule,6210. General,https://www.finra.org/rules-guidance/rulebooks/finra-rules/6210
FINRA Rule,6220. Definitions,https://www.finra.org/rules-guidance/rulebooks/finra-rules/6220
FINRA Rule,6230. Use of Alternative Display Facility Data Systems,https://www.finra.org/rules-guidance/rulebooks/finra-rules/6230
FINRA Rule,6240. Prohibition from Locking or Crossing Quotations in NMS Stocks,https://www.finra.org/rules-guidance/rulebooks/finra-rules/6240
FINRA Rule,6250. Quote and Order Access Requirements,https://www.finra.org/rules-guidance/rulebooks/finra-rules/6250
FINRA Rule,6260. Review of Direct or Indirect Access Complaints,https://www.finra.org/rules-guidance/rulebooks/finra-rules/6260
FINRA Rule,6271. Registration as an ADF Market Maker or ADF ECN,https://www.finra.org/rules-guidance/rulebooks/finra-rules/6271
FINRA Rule,6272. Character of Quotations,https://www.finra.org/rules-guidance/rulebooks/finra-rules/6272
FINRA Rule,6273. Normal Business Hours,https://www.finra.org/rules-guidance/rulebooks/finra-rules/6273
FINRA Rule,6274. Clearance and Settlement,https://www.finra.org/rules-guidance/rulebooks/finra-rules/6274
FINRA Rule,6275. Withdrawal of Quotations,https://www.finra.org/rules-guidance/rulebooks/finra-rules/6275
FINRA Rule,6276. Voluntary Termination of Registration,https://www.finra.org/rules-guidance/rulebooks/finra-rules/6276
FINRA Rule,6277. Suspension and Termination of Quotations by FINRA Action,https://www.finra.org/rules-guidance/rulebooks/finra-rules/6277
FINRA Rule,6278. Termination of Alternative Display Facility Data System Service,https://www.finra.org/rules-guidance/rulebooks/finra-rules/6278
FINRA Rule,6279. Alternative Trading Systems,https://www.finra.org/rules-guidance/rulebooks/finra-rules/6279
FINRA Rule,6281. Reporting Transactions in ADF-Eligible Securities,https://www.finra.org/rules-guidance/rulebooks/finra-rules/6281
FINRA Rule,6282. Transactions Reported by Members to the ADF,https://www.finra.org/rules-guidance/rulebooks/finra-rules/6282
FINRA Rule,6300A. FINRA/NASDAQ TRADE REPORTING FACILITIES,https://www.finra.org/rules-guidance/rulebooks/finra-rules/6300a
FINRA Rule,6310A. General,https://www.finra.org/rules-guidance/rulebooks/finra-rules/6310a
FINRA Rule,6320A. Definitions,https://www.finra.org/rules-guidance/rulebooks/finra-rules/6320a
FINRA Rule,6330A. Use of FINRA/Nasdaq Trade Reporting Facility on a Test Basis,https://www.finra.org/rules-guidance/rulebooks/finra-rules/6330a
FINRA Rule,6340A. Reports,https://www.finra.org/rules-guidance/rulebooks/finra-rules/6340a
FINRA Rule,6350A. Clearance and Settlement,https://www.finra.org/rules-guidance/rulebooks/finra-rules/6350a
FINRA Rule,6360A. Suspension and Termination by FINRA Action,https://www.finra.org/rules-guidance/rulebooks/finra-rules/6360a
FINRA Rule,6370A. Termination of FINRA/Nasdaq Trade Reporting Facility Service,https://www.finra.org/rules-guidance/rulebooks/finra-rules/6370a
FINRA Rule,6380A. Transaction Reporting,https://www.finra.org/rules-guidance/rulebooks/finra-rules/6380a
FINRA Rule,6310B. General,https://www.finra.org/rules-guidance/rulebooks/finra-rules/6310b
FINRA Rule,6320B. Definitions,https://www.finra.org/rules-guidance/rulebooks/finra-rules/6320b
FINRA Rule,6330B. Use of FINRA/NYSE Trade Reporting Facility on a Test Basis,https://www.finra.org/rules-guidance/rulebooks/finra-rules/6330b
FINRA Rule,6340B. Reports,https://www.finra.org/rules-guidance/rulebooks/finra-rules/6340b
FINRA Rule,6350B. Clearance and Settlement,https://www.finra.org/rules-guidance/rulebooks/finra-rules/6350b
FINRA Rule,6360B. Suspension and Termination by FINRA Action,https://www.finra.org/rules-guidance/rulebooks/finra-rules/6360b
FINRA Rule,6370B. Termination of FINRA/NYSE Trade Reporting Facility Service,https://www.finra.org/rules-guidance/rulebooks/finra-rules/6370b
FINRA Rule,6380B. Transaction Reporting,https://www.finra.org/rules-guidance/rulebooks/finra-rules/6380b
FINRA Rule,6410. General,https://www.finra.org/rules-guidance/rulebooks/finra-rules/6410
FINRA Rule,6420. Definitions,https://www.finra.org/rules-guidance/rulebooks/finra-rules/6420
FINRA Rule,6431. Recording of Quotation Information,https://www.finra.org/rules-guidance/rulebooks/finra-rules/6431
FINRA Rule,6432. Compliance with the Information Requirements of SEA Rule 15c2-11,https://www.finra.org/rules-guidance/rulebooks/finra-rules/6432
FINRA Rule,6433. Minimum Quotation Size Requirements For OTC Equity Securities,https://www.finra.org/rules-guidance/rulebooks/finra-rules/6433
FINRA Rule,6434. Minimum Pricing Increment for OTC Equity Securities,https://www.finra.org/rules-guidance/rulebooks/finra-rules/6434
FINRA Rule,6435. Withdrawal of Quotations in an OTC Equity Security in Compliance with SEC Regulation M,https://www.finra.org/rules-guidance/rulebooks/finra-rules/6435
FINRA Rule,6437. Prohibition from Locking or Crossing Quotations in OTC Equity Securities,https://www.finra.org/rules-guidance/rulebooks/finra-rules/6437
FINRA Rule,6438. Displaying Priced Quotations in Multiple Quotation Mediums,https://www.finra.org/rules-guidance/rulebooks/finra-rules/6438
FINRA Rule,6439.  Requirements for Member Inter-Dealer Quotation Systems,https://www.finra.org/rules-guidance/rulebooks/finra-rules/6439
FINRA Rule,6440. Trading and Quotation Halt in OTC Equity Securities,https://www.finra.org/rules-guidance/rulebooks/finra-rules/6440-0
FINRA Rule,6450. Restrictions on Access Fees,https://www.finra.org/rules-guidance/rulebooks/finra-rules/6450
FINRA Rule,6460. Display of Customer Limit Orders,https://www.finra.org/rules-guidance/rulebooks/finra-rules/6460-0
FINRA Rule,6470.  Disclosure of Order Routing Information for OTC Equity Securities,https://www.finra.org/rules-guidance/rulebooks/finra-rules/6470
FINRA Rule,6480. Multiple MPIDs for Quoting and Trading in OTC Equity Securities,https://www.finra.org/rules-guidance/rulebooks/finra-rules/6480
FINRA Rule,6490. Processing of Company-Related Actions,https://www.finra.org/rules-guidance/rulebooks/finra-rules/6490
FINRA Rule,6510. Definitions,https://www.finra.org/rules-guidance/rulebooks/finra-rules/6510
FINRA Rule,6520. Participation in SLATE,https://www.finra.org/rules-guidance/rulebooks/finra-rules/6520
FINRA Rule,6530. Reporting Securities Loan Information,https://www.finra.org/rules-guidance/rulebooks/finra-rules/6530
FINRA Rule,6540. Dissemination of Loan Information,https://www.finra.org/rules-guidance/rulebooks/finra-rules/6540
FINRA Rule,6550. Emergency Authority,https://www.finra.org/rules-guidance/rulebooks/finra-rules/6550
FINRA Rule,6610. General,https://www.finra.org/rules-guidance/rulebooks/finra-rules/6610
FINRA Rule,6621. Definitions,https://www.finra.org/rules-guidance/rulebooks/finra-rules/6621
FINRA Rule,6622. Transaction Reporting,https://www.finra.org/rules-guidance/rulebooks/finra-rules/6622
FINRA Rule,6623. Timely Transaction Reporting,https://www.finra.org/rules-guidance/rulebooks/finra-rules/6623
FINRA Rule,6624. Trade Reporting of Short Sales,https://www.finra.org/rules-guidance/rulebooks/finra-rules/6624
FINRA Rule,6625. Exemption from Trade Reporting Obligation for Certain Alternative Trading Systems,https://www.finra.org/rules-guidance/rulebooks/finra-rules/6625
FINRA Rule,6630.  Applicability of FINRA Rules to Securities Previously Designated as PORTAL Securities,https://www.finra.org/rules-guidance/rulebooks/finra-rules/6630-0
FINRA Rule,6710. Definitions,https://www.finra.org/rules-guidance/rulebooks/finra-rules/6710
FINRA Rule,6720. Participation in TRACE,https://www.finra.org/rules-guidance/rulebooks/finra-rules/6720
FINRA Rule,6730. Transaction Reporting,https://www.finra.org/rules-guidance/rulebooks/finra-rules/6730
FINRA Rule,6731. Exemption from Trade Reporting Obligation for Certain Alternative Trading Systems,https://www.finra.org/rules-guidance/rulebooks/finra-rules/6731
FINRA Rule,6732. Exemption from Trade Reporting Obligation for Certain Transactions on an Alternative Trading System,https://www.finra.org/rules-guidance/rulebooks/finra-rules/6732
FINRA Rule,6740. Termination of TRACE Service,https://www.finra.org/rules-guidance/rulebooks/finra-rules/6740
FINRA Rule,6750. Dissemination of Transaction Information,https://www.finra.org/rules-guidance/rulebooks/finra-rules/6750
FINRA Rule,6760. Obligation To Provide Notice and Dissemination of Corporate Debt Security New Issue Reference Data,https://www.finra.org/rules-guidance/rulebooks/finra-rules/6760
FINRA Rule,6770. Emergency Authority,https://www.finra.org/rules-guidance/rulebooks/finra-rules/6770
FINRA Rule,6810. Definitions,https://www.finra.org/rules-guidance/rulebooks/finra-rules/6810
FINRA Rule,6820. Clock Synchronization,https://www.finra.org/rules-guidance/rulebooks/finra-rules/6820
FINRA Rule,6830. Industry Member Data Reporting,https://www.finra.org/rules-guidance/rulebooks/finra-rules/6830
FINRA Rule,6840. Customer Information Reporting,https://www.finra.org/rules-guidance/rulebooks/finra-rules/6840
FINRA Rule,6850. Industry Member Information Reporting,https://www.finra.org/rules-guidance/rulebooks/finra-rules/6850
FINRA Rule,6860. Time Stamps,https://www.finra.org/rules-guidance/rulebooks/finra-rules/6860
FINRA Rule,6865. Time Stamp and Clock Synchronization Rule Violations,https://www.finra.org/rules-guidance/rulebooks/finra-rules/6865
FINRA Rule,6870. Connectivity and Data Transmission,https://www.finra.org/rules-guidance/rulebooks/finra-rules/6870
FINRA Rule,6880. Development and Testing,https://www.finra.org/rules-guidance/rulebooks/finra-rules/6880
FINRA Rule,6890. Recordkeeping,https://www.finra.org/rules-guidance/rulebooks/finra-rules/6890
FINRA Rule,"6893. Timely, Accurate and Complete Data",https://www.finra.org/rules-guidance/rulebooks/finra-rules/6893
FINRA Rule,6895. Compliance Dates,https://www.finra.org/rules-guidance/rulebooks/finra-rules/6895
FINRA Rule,6897.  Consolidated Audit Trail Funding Fees,https://www.finra.org/rules-guidance/rulebooks/finra-rules/6897-0
FINRA Rule,6898. Consolidated Audit Trail—Fee Dispute Resolution,https://www.finra.org/rules-guidance/rulebooks/finra-rules/6898
FINRA Rule,7110. Definitions,https://www.finra.org/rules-guidance/rulebooks/finra-rules/7110
FINRA Rule,7120. Trade Reporting Participation Requirements,https://www.finra.org/rules-guidance/rulebooks/finra-rules/7120
FINRA Rule,7130. Trade Report Input,https://www.finra.org/rules-guidance/rulebooks/finra-rules/7130
FINRA Rule,7140. Trade Report Processing,https://www.finra.org/rules-guidance/rulebooks/finra-rules/7140
FINRA Rule,7150. Obligation to Honor Trades,https://www.finra.org/rules-guidance/rulebooks/finra-rules/7150
FINRA Rule,7160. Audit Trail Requirements,https://www.finra.org/rules-guidance/rulebooks/finra-rules/7160
FINRA Rule,7170. Violation of Reporting Rules,https://www.finra.org/rules-guidance/rulebooks/finra-rules/7170
FINRA Rule,7180. Termination of Access,https://www.finra.org/rules-guidance/rulebooks/finra-rules/7180
FINRA Rule,7200A. FINRA/NASDAQ TRADE REPORTING FACILITIES,https://www.finra.org/rules-guidance/rulebooks/finra-rules/7200a
FINRA Rule,7210A. Definitions,https://www.finra.org/rules-guidance/rulebooks/finra-rules/7210a
FINRA Rule,7220A. Trade Reporting Participation Requirements,https://www.finra.org/rules-guidance/rulebooks/finra-rules/7220a
FINRA Rule,7230A. Trade Report Input,https://www.finra.org/rules-guidance/rulebooks/finra-rules/7230a
FINRA Rule,7240A. Trade Report Processing,https://www.finra.org/rules-guidance/rulebooks/finra-rules/7240a
FINRA Rule,7250A. Obligation to Honor Trades,https://www.finra.org/rules-guidance/rulebooks/finra-rules/7250a
FINRA Rule,7260A. Audit Trail Requirements,https://www.finra.org/rules-guidance/rulebooks/finra-rules/7260a
FINRA Rule,7270A. Violation of Reporting Rules,https://www.finra.org/rules-guidance/rulebooks/finra-rules/7270a
FINRA Rule,7280A. Termination of Access,https://www.finra.org/rules-guidance/rulebooks/finra-rules/7280a
FINRA Rule,7210B. Definitions,https://www.finra.org/rules-guidance/rulebooks/finra-rules/7210b
FINRA Rule,7220B. Trade Reporting Participation Requirements,https://www.finra.org/rules-guidance/rulebooks/finra-rules/7220b
FINRA Rule,7230B. Trade Report Input,https://www.finra.org/rules-guidance/rulebooks/finra-rules/7230b
FINRA Rule,7240B. Trade Report Processing,https://www.finra.org/rules-guidance/rulebooks/finra-rules/7240b
FINRA Rule,7250B. Obligation to Honor Trades,https://www.finra.org/rules-guidance/rulebooks/finra-rules/7250b
FINRA Rule,7260B. Audit Trail Requirements,https://www.finra.org/rules-guidance/rulebooks/finra-rules/7260b
FINRA Rule,7270B. Violation of Reporting Rules,https://www.finra.org/rules-guidance/rulebooks/finra-rules/7270b
FINRA Rule,7280B. Termination of Access,https://www.finra.org/rules-guidance/rulebooks/finra-rules/7280b
FINRA Rule,7310. Definitions,https://www.finra.org/rules-guidance/rulebooks/finra-rules/7310
FINRA Rule,7320. Trade Reporting Participation Requirements,https://www.finra.org/rules-guidance/rulebooks/finra-rules/7320
FINRA Rule,7330. Trade Report Input,https://www.finra.org/rules-guidance/rulebooks/finra-rules/7330
FINRA Rule,7340. Trade Report Processing,https://www.finra.org/rules-guidance/rulebooks/finra-rules/7340
FINRA Rule,7350. Obligation to Honor Trades,https://www.finra.org/rules-guidance/rulebooks/finra-rules/7350
FINRA Rule,7360.  Audit Trail Requirements,https://www.finra.org/rules-guidance/rulebooks/finra-rules/7360
FINRA Rule,7370. Violation of Reporting Rules,https://www.finra.org/rules-guidance/rulebooks/finra-rules/7370
FINRA Rule,7380. Termination of Access,https://www.finra.org/rules-guidance/rulebooks/finra-rules/7380
FINRA Rule,7510. System Services,https://www.finra.org/rules-guidance/rulebooks/finra-rules/7510
FINRA Rule,7520. FIX Connectivity Charge,https://www.finra.org/rules-guidance/rulebooks/finra-rules/7520
FINRA Rule,7530. Other Services,https://www.finra.org/rules-guidance/rulebooks/finra-rules/7530-0
FINRA Rule,7540. Partial Month Charges,https://www.finra.org/rules-guidance/rulebooks/finra-rules/7540
FINRA Rule,7550. Late Fees,https://www.finra.org/rules-guidance/rulebooks/finra-rules/7550-0
FINRA Rule,7560. Minor Modifications in Charges,https://www.finra.org/rules-guidance/rulebooks/finra-rules/7560
FINRA Rule,7581. Excess Capacity Usage Fees,https://www.finra.org/rules-guidance/rulebooks/finra-rules/7581
FINRA Rule,7582. Shortfall Capacity Usage Fees,https://www.finra.org/rules-guidance/rulebooks/finra-rules/7582
FINRA Rule,7583. Penalties Incurred Pursuant to the National Market System Data Plans,https://www.finra.org/rules-guidance/rulebooks/finra-rules/7583
FINRA Rule,7600A. DATA PRODUCTS AND CHARGES FOR FINRA/NASDAQ TRADE REPORTING FACILITY SERVICES,https://www.finra.org/rules-guidance/rulebooks/finra-rules/7600a
FINRA Rule,7610A. Securities Transaction Credit,https://www.finra.org/rules-guidance/rulebooks/finra-rules/7610a
FINRA Rule,7620A. FINRA/Nasdaq Trade Reporting Facility Reporting Fees,https://www.finra.org/rules-guidance/rulebooks/finra-rules/7620a
FINRA Rule,7630A. Aggregation of Activity of Affiliated Members,https://www.finra.org/rules-guidance/rulebooks/finra-rules/7630a
FINRA Rule,7640A. Data Products Offered by NASDAQ,https://www.finra.org/rules-guidance/rulebooks/finra-rules/7640a
FINRA Rule,7650A. Collection of Fees and Billing Policy,https://www.finra.org/rules-guidance/rulebooks/finra-rules/7650a
FINRA Rule,7610B. Securities Transaction Credit,https://www.finra.org/rules-guidance/rulebooks/finra-rules/7610b
FINRA Rule,7620B. FINRA/NYSE Trade Reporting Facility Reporting Fees,https://www.finra.org/rules-guidance/rulebooks/finra-rules/7620b
FINRA Rule,7630B. Aggregation of Activity of Affiliated Members,https://www.finra.org/rules-guidance/rulebooks/finra-rules/7630b
FINRA Rule,7640B. Data Products Offered By NYSE,https://www.finra.org/rules-guidance/rulebooks/finra-rules/7640b
FINRA Rule,7710. OTC Reporting Facility,https://www.finra.org/rules-guidance/rulebooks/finra-rules/7710
FINRA Rule,7720. Securities Lending and Transparency Engine (SLATE),https://www.finra.org/rules-guidance/rulebooks/finra-rules/7720
FINRA Rule,7730. Trade Reporting and Compliance Engine (TRACE),https://www.finra.org/rules-guidance/rulebooks/finra-rules/7730
FINRA Rule,8110. Availability of Manual to Customers,https://www.finra.org/rules-guidance/rulebooks/finra-rules/8110
FINRA Rule,8120. Definitions,https://www.finra.org/rules-guidance/rulebooks/finra-rules/8120
FINRA Rule,8210. Provision of Information and Testimony and Inspection and Copying of Books,https://www.finra.org/rules-guidance/rulebooks/finra-rules/8210
FINRA Rule,8211. Automated Submission of Trading Data Requested by FINRA,https://www.finra.org/rules-guidance/rulebooks/finra-rules/8211
FINRA Rule,8213. Automated Submission of Trading Data for Non-Exchange-Listed Securities Requested by FINRA,https://www.finra.org/rules-guidance/rulebooks/finra-rules/8213
FINRA Rule,8310. Sanctions for Violation of the Rules,https://www.finra.org/rules-guidance/rulebooks/finra-rules/8310
FINRA Rule,"8311. Effect of a Suspension, Revocation, Cancellation, Bar or Other Disqualification",https://www.finra.org/rules-guidance/rulebooks/finra-rules/8311
FINRA Rule,8312. FINRA BrokerCheck Disclosure,https://www.finra.org/rules-guidance/rulebooks/finra-rules/8312
FINRA Rule,"8313. Release of Disciplinary Complaints, Decisions and Other Information",https://www.finra.org/rules-guidance/rulebooks/finra-rules/8313
FINRA Rule,"8320. Payment of Fines, Other Monetary Sanctions, or Costs; Summary Action for Failure to Pay",https://www.finra.org/rules-guidance/rulebooks/finra-rules/8320
FINRA Rule,8330. Costs of Proceedings,https://www.finra.org/rules-guidance/rulebooks/finra-rules/8330
FINRA Rule,9110. Application,https://www.finra.org/rules-guidance/rulebooks/finra-rules/9110
FINRA Rule,9120. Definitions,https://www.finra.org/rules-guidance/rulebooks/finra-rules/9120
FINRA Rule,9130. Service; Filing of Papers,https://www.finra.org/rules-guidance/rulebooks/finra-rules/9130
FINRA Rule,9140. Proceedings,https://www.finra.org/rules-guidance/rulebooks/finra-rules/9140
FINRA Rule,9150. Exclusion From Rule 9000 Series Proceeding,https://www.finra.org/rules-guidance/rulebooks/finra-rules/9150
FINRA Rule,9160. Recusal or Disqualification,https://www.finra.org/rules-guidance/rulebooks/finra-rules/9160
FINRA Rule,9211. Authorization of Complaint,https://www.finra.org/rules-guidance/rulebooks/finra-rules/9211
FINRA Rule,"9212. Complaint Issuance — Requirements, Service, Amendment, Withdrawal, and Docketing",https://www.finra.org/rules-guidance/rulebooks/finra-rules/9212
FINRA Rule,9213. Assignment of Hearing Officer and Appointment of Panelists to Hearing Panel or Extended Hearing Panel,https://www.finra.org/rules-guidance/rulebooks/finra-rules/9213
FINRA Rule,9214. Consolidation or Severance of Disciplinary Proceedings,https://www.finra.org/rules-guidance/rulebooks/finra-rules/9214
FINRA Rule,9215. Answer to Complaint,https://www.finra.org/rules-guidance/rulebooks/finra-rules/9215
FINRA Rule,"9216. Acceptance, Waiver, and Consent; Plan Pursuant to SEA Rule 19d-1(c)(2)",https://www.finra.org/rules-guidance/rulebooks/finra-rules/9216
FINRA Rule,9217. Violations Appropriate for Disposition Under Plan Pursuant to SEA Rule 19d-1(c)(2),https://www.finra.org/rules-guidance/rulebooks/finra-rules/9217
FINRA Rule,9221. Request for Hearing,https://www.finra.org/rules-guidance/rulebooks/finra-rules/9221
FINRA Rule,"9222. Extensions of Time, Postponements, and Adjournments",https://www.finra.org/rules-guidance/rulebooks/finra-rules/9222
FINRA Rule,9231. Appointment by the Chief Hearing Officer of Hearing Panel or Extended Hearing Panel or Replacement Hearing Officer,https://www.finra.org/rules-guidance/rulebooks/finra-rules/9231
FINRA Rule,9232. Criteria for Selection of Panelists and Replacement Panelists,https://www.finra.org/rules-guidance/rulebooks/finra-rules/9232
FINRA Rule,9233. Hearing Panel or Extended Hearing Panel: Recusal and Disqualification of Hearing Officers,https://www.finra.org/rules-guidance/rulebooks/finra-rules/9233
FINRA Rule,9234. Hearing Panel or Extended Hearing Panel: Recusal and Disqualification of Panelists,https://www.finra.org/rules-guidance/rulebooks/finra-rules/9234
FINRA Rule,9235. Hearing Officer Authority,https://www.finra.org/rules-guidance/rulebooks/finra-rules/9235
FINRA Rule,9241. Pre-hearing Conference,https://www.finra.org/rules-guidance/rulebooks/finra-rules/9241
FINRA Rule,9242. Pre-hearing Submission,https://www.finra.org/rules-guidance/rulebooks/finra-rules/9242
FINRA Rule,9251. Inspection and Copying of Documents in Possession of Staff,https://www.finra.org/rules-guidance/rulebooks/finra-rules/9251
FINRA Rule,9252. Requests for Information,https://www.finra.org/rules-guidance/rulebooks/finra-rules/9252
FINRA Rule,9253. Production of Witness Statements,https://www.finra.org/rules-guidance/rulebooks/finra-rules/9253
FINRA Rule,9260. Hearing and Decision,https://www.finra.org/rules-guidance/rulebooks/finra-rules/9260
FINRA Rule,9270. Settlement Procedure,https://www.finra.org/rules-guidance/rulebooks/finra-rules/9270
FINRA Rule,9280. Contemptuous Conduct,https://www.finra.org/rules-guidance/rulebooks/finra-rules/9280
FINRA Rule,9285.  Interim Orders and Mandatory Heightened Supervision While on Appeal or on Discretionary Review,https://www.finra.org/rules-guidance/rulebooks/finra-rules/9285
FINRA Rule,9290. Expedited Disciplinary Proceedings,https://www.finra.org/rules-guidance/rulebooks/finra-rules/9290
FINRA Rule,9291. Permanent Cease and Desist Orders,https://www.finra.org/rules-guidance/rulebooks/finra-rules/9291
FINRA Rule,9311. Appeal by Any Party; Cross-Appeal,https://www.finra.org/rules-guidance/rulebooks/finra-rules/9311
FINRA Rule,9312. Review Proceeding Initiated By Adjudicatory Council,https://www.finra.org/rules-guidance/rulebooks/finra-rules/9312
FINRA Rule,9313. Counsel to National Adjudicatory Council,https://www.finra.org/rules-guidance/rulebooks/finra-rules/9313
FINRA Rule,9321. Transmission of Record,https://www.finra.org/rules-guidance/rulebooks/finra-rules/9321
FINRA Rule,"9322. Extensions of Time, Postponements, Adjournments",https://www.finra.org/rules-guidance/rulebooks/finra-rules/9322
FINRA Rule,9331. Appointment of Subcommittee or Extended Proceeding Committee,https://www.finra.org/rules-guidance/rulebooks/finra-rules/9331
FINRA Rule,9332. Disqualification and Recusal,https://www.finra.org/rules-guidance/rulebooks/finra-rules/9332
FINRA Rule,9341. Oral Argument,https://www.finra.org/rules-guidance/rulebooks/finra-rules/9341
FINRA Rule,9342. Failure to Appear at Oral Argument,https://www.finra.org/rules-guidance/rulebooks/finra-rules/9342
FINRA Rule,9343. Disposition Without Oral Argument,https://www.finra.org/rules-guidance/rulebooks/finra-rules/9343
FINRA Rule,9344. Failure to Participate Below; Abandonment of Appeal,https://www.finra.org/rules-guidance/rulebooks/finra-rules/9344
FINRA Rule,9345. Subcommittee or Extended Proceeding Committee Recommended Decision to National Adjudicatory Council,https://www.finra.org/rules-guidance/rulebooks/finra-rules/9345
FINRA Rule,9346. Evidence in National Adjudicatory Council Proceedings,https://www.finra.org/rules-guidance/rulebooks/finra-rules/9346
FINRA Rule,9347. Filing of Papers in National Adjudicatory Council Proceedings,https://www.finra.org/rules-guidance/rulebooks/finra-rules/9347
FINRA Rule,9348. Powers of the National Adjudicatory Council on Review,https://www.finra.org/rules-guidance/rulebooks/finra-rules/9348
FINRA Rule,9349. National Adjudicatory Council Formal Consideration; Decision,https://www.finra.org/rules-guidance/rulebooks/finra-rules/9349
FINRA Rule,9350. Discretionary Review by FINRA Board,https://www.finra.org/rules-guidance/rulebooks/finra-rules/9350
FINRA Rule,9360. Effectiveness of Sanctions,https://www.finra.org/rules-guidance/rulebooks/finra-rules/9360
FINRA Rule,9370. Application to SEC for Review,https://www.finra.org/rules-guidance/rulebooks/finra-rules/9370
FINRA Rule,9520. Eligibility Proceedings,https://www.finra.org/rules-guidance/rulebooks/finra-rules/9520
FINRA Rule,9551. Failure to Comply with Public Communication Standards,https://www.finra.org/rules-guidance/rulebooks/finra-rules/9551
FINRA Rule,9552. Failure to Provide Information or Keep Information Current,https://www.finra.org/rules-guidance/rulebooks/finra-rules/9552
FINRA Rule,"9553. Failure to Pay FINRA Dues, Fees and Other Charges",https://www.finra.org/rules-guidance/rulebooks/finra-rules/9553
FINRA Rule,9554. Failure to Comply with an Arbitration Award or Related Settlement or an Order of Restitution or Settlement Providing for Restitution,https://www.finra.org/rules-guidance/rulebooks/finra-rules/9554
FINRA Rule,9555. Failure to Meet the Eligibility or Qualification Standards or Prerequisites for Access to Services,https://www.finra.org/rules-guidance/rulebooks/finra-rules/9555
FINRA Rule,"9556. Failure to Comply with Temporary and Permanent Cease and Desist Orders, or Orders that Impose Conditions or Restrictions",https://www.finra.org/rules-guidance/rulebooks/finra-rules/9556
FINRA Rule,"9557. Procedures for Regulating Activities Under Rules 4110, 4120 and 4130 Regarding a Member Experiencing Financial or Operational Difficulties",https://www.finra.org/rules-guidance/rulebooks/finra-rules/9557
FINRA Rule,9558. Summary Proceedings for Actions Authorized by Section 15A(h)(3) of the Exchange Act,https://www.finra.org/rules-guidance/rulebooks/finra-rules/9558
FINRA Rule,9559. Hearing Procedures for Expedited Proceedings Under the Rule 9550 Series,https://www.finra.org/rules-guidance/rulebooks/finra-rules/9559
FINRA Rule,9561. Procedures for Regulating Activities Under Rule 4111,https://www.finra.org/rules-guidance/rulebooks/finra-rules/9561
FINRA Rule,9610. Application,https://www.finra.org/rules-guidance/rulebooks/finra-rules/9610
FINRA Rule,9620. Decision,https://www.finra.org/rules-guidance/rulebooks/finra-rules/9620
FINRA Rule,9630. Appeal,https://www.finra.org/rules-guidance/rulebooks/finra-rules/9630
FINRA Rule,9710. Purpose,https://www.finra.org/rules-guidance/rulebooks/finra-rules/9710
FINRA Rule,9720. Form of Application,https://www.finra.org/rules-guidance/rulebooks/finra-rules/9720
FINRA Rule,9730. Request for Hearing,https://www.finra.org/rules-guidance/rulebooks/finra-rules/9730
FINRA Rule,9740. Consideration of Applications,https://www.finra.org/rules-guidance/rulebooks/finra-rules/9740
FINRA Rule,9750. Decision,https://www.finra.org/rules-guidance/rulebooks/finra-rules/9750
FINRA Rule,9760. Call for Review by the National Adjudicatory Council,https://www.finra.org/rules-guidance/rulebooks/finra-rules/9760
FINRA Rule,9770. Application to SEC for Review,https://www.finra.org/rules-guidance/rulebooks/finra-rules/9770
FINRA Rule,9800. TEMPORARY AND PERMANENT CEASE AND DESIST ORDERS,https://www.finra.org/rules-guidance/rulebooks/finra-rules/9800
FINRA Rule,9910. Post-Employment Conflict of Interest Restrictions; Nonpublic Information,https://www.finra.org/rules-guidance/rulebooks/finra-rules/9910
FINRA Rule,11100. SCOPE OF UNIFORM PRACTICE CODE,https://www.finra.org/rules-guidance/rulebooks/finra-rules/11100
FINRA Rule,11110. Committees,https://www.finra.org/rules-guidance/rulebooks/finra-rules/11110
FINRA Rule,11111. Refusal to Abide by Rulings of the Committee,https://www.finra.org/rules-guidance/rulebooks/finra-rules/11111
FINRA Rule,11112. Review by Panels of the UPC Committee,https://www.finra.org/rules-guidance/rulebooks/finra-rules/11112
FINRA Rule,11120. Definitions,https://www.finra.org/rules-guidance/rulebooks/finra-rules/11120
FINRA Rule,11121. Trade Date,https://www.finra.org/rules-guidance/rulebooks/finra-rules/11121
FINRA Rule,"11130. When, As and If Issued/Distributed Contracts",https://www.finra.org/rules-guidance/rulebooks/finra-rules/11130
FINRA Rule,"11140. Transactions in Securities ""Ex-Dividend,"" ""Ex-Rights"" or ""Ex-Warrants""",https://www.finra.org/rules-guidance/rulebooks/finra-rules/11140
FINRA Rule,"11150. Transactions ""Ex-Interest"" in Bonds Which Are Dealt in ""Flat""",https://www.finra.org/rules-guidance/rulebooks/finra-rules/11150
FINRA Rule,"11160. ""Ex"" Liquidating Payments",https://www.finra.org/rules-guidance/rulebooks/finra-rules/11160
FINRA Rule,"11170. Transactions in ""Part-Redeemed"" Bonds",https://www.finra.org/rules-guidance/rulebooks/finra-rules/11170
FINRA Rule,11190. Reconfirmation and Pricing Service Participants,https://www.finra.org/rules-guidance/rulebooks/finra-rules/11190
FINRA Rule,11210. Sent by Each Party,https://www.finra.org/rules-guidance/rulebooks/finra-rules/11210
FINRA Rule,11220. Description of Securities.,https://www.finra.org/rules-guidance/rulebooks/finra-rules/11220
FINRA Rule,11310. Book-Entry Settlement,https://www.finra.org/rules-guidance/rulebooks/finra-rules/11310
FINRA Rule,11320. Dates of Delivery,https://www.finra.org/rules-guidance/rulebooks/finra-rules/11320
FINRA Rule,11330. Payment,https://www.finra.org/rules-guidance/rulebooks/finra-rules/11330
FINRA Rule,11340. Stamp Taxes,https://www.finra.org/rules-guidance/rulebooks/finra-rules/11340
FINRA Rule,11350. Part Delivery,https://www.finra.org/rules-guidance/rulebooks/finra-rules/11350
FINRA Rule,11360. Units of Delivery,https://www.finra.org/rules-guidance/rulebooks/finra-rules/11360
FINRA Rule,11361. Units of Delivery — Stocks,https://www.finra.org/rules-guidance/rulebooks/finra-rules/11361
FINRA Rule,11362. Units of Delivery — Bonds,https://www.finra.org/rules-guidance/rulebooks/finra-rules/11362
FINRA Rule,11363. Units of Delivery — Unit Investment Trust Securities,https://www.finra.org/rules-guidance/rulebooks/finra-rules/11363
FINRA Rule,11364. Units of Delivery — Certificates of Deposit for Bonds,https://www.finra.org/rules-guidance/rulebooks/finra-rules/11364
FINRA Rule,"11365. Trading Securities As ""Units"" or Bonds ""With Stock""",https://www.finra.org/rules-guidance/rulebooks/finra-rules/11365
FINRA Rule,11410. Acceptance of Draft,https://www.finra.org/rules-guidance/rulebooks/finra-rules/11410
FINRA Rule,11510. Delivery of Temporary Certificates,https://www.finra.org/rules-guidance/rulebooks/finra-rules/11510
FINRA Rule,11520. Delivery of Mutilated Securities,https://www.finra.org/rules-guidance/rulebooks/finra-rules/11520
FINRA Rule,11530. Delivery of Securities Called for Redemption or Which Are Deemed Worthless,https://www.finra.org/rules-guidance/rulebooks/finra-rules/11530
FINRA Rule,11540. Delivery Under Government Regulations,https://www.finra.org/rules-guidance/rulebooks/finra-rules/11540
FINRA Rule,11550. Assignments and Powers of Substitution; Delivery of Registered Securities,https://www.finra.org/rules-guidance/rulebooks/finra-rules/11550
FINRA Rule,11560. Certificate of Company Whose Transfer Books Are Closed,https://www.finra.org/rules-guidance/rulebooks/finra-rules/11560
FINRA Rule,11571. Certificate in Name of Corporation,https://www.finra.org/rules-guidance/rulebooks/finra-rules/11571
FINRA Rule,11572. Certificate in Name of Firm,https://www.finra.org/rules-guidance/rulebooks/finra-rules/11572
FINRA Rule,11573. Certificate in Name of Dissolved Firm Succeeded by New Firm,https://www.finra.org/rules-guidance/rulebooks/finra-rules/11573
FINRA Rule,"11574. Certificate in Name of Deceased Person, Trustee, etc.",https://www.finra.org/rules-guidance/rulebooks/finra-rules/11574
FINRA Rule,11580. Transfer of Limited Partnership Securities,https://www.finra.org/rules-guidance/rulebooks/finra-rules/11580
FINRA Rule,11581. Limited Partnership Transfer Forms,https://www.finra.org/rules-guidance/rulebooks/finra-rules/11581
FINRA Rule,11610. Liability for Expenses,https://www.finra.org/rules-guidance/rulebooks/finra-rules/11610
FINRA Rule,11620. Computation of Interest,https://www.finra.org/rules-guidance/rulebooks/finra-rules/11620
FINRA Rule,11630. Due-Bills and Due-Bill Checks,https://www.finra.org/rules-guidance/rulebooks/finra-rules/11630
FINRA Rule,"11640. Claims for Dividends, Rights, Interest, etc.",https://www.finra.org/rules-guidance/rulebooks/finra-rules/11640
FINRA Rule,11650. Transfer Fees,https://www.finra.org/rules-guidance/rulebooks/finra-rules/11650
FINRA Rule,11710. General Provisions,https://www.finra.org/rules-guidance/rulebooks/finra-rules/11710
FINRA Rule,11720. Irregular Delivery — Transfer Refused — Lost or Stolen Securities,https://www.finra.org/rules-guidance/rulebooks/finra-rules/11720
FINRA Rule,11721. Obligations of Members Who Discover Securities in Their Possession to Which They Are Not Entitled,https://www.finra.org/rules-guidance/rulebooks/finra-rules/11721
FINRA Rule,11730. Called Securities,https://www.finra.org/rules-guidance/rulebooks/finra-rules/11730
FINRA Rule,11740. Marking to the Market,https://www.finra.org/rules-guidance/rulebooks/finra-rules/11740
FINRA Rule,11810. Buy-In Procedures and Requirements,https://www.finra.org/rules-guidance/rulebooks/finra-rules/11810
FINRA Rule,11820. Selling-Out,https://www.finra.org/rules-guidance/rulebooks/finra-rules/11820
FINRA Rule,11830. Reserved.,https://www.finra.org/rules-guidance/rulebooks/finra-rules/11830
FINRA Rule,11840. Rights and Warrants,https://www.finra.org/rules-guidance/rulebooks/finra-rules/11840
FINRA Rule,11860. COD Orders,https://www.finra.org/rules-guidance/rulebooks/finra-rules/11860
FINRA Rule,11870. Customer Account Transfer Contracts,https://www.finra.org/rules-guidance/rulebooks/finra-rules/11870
FINRA Rule,11880. Settlement of Syndicate Accounts,https://www.finra.org/rules-guidance/rulebooks/finra-rules/11880
FINRA Rule,11891. General,https://www.finra.org/rules-guidance/rulebooks/finra-rules/11891
FINRA Rule,11892. Clearly Erroneous Transactions in Exchange-Listed Securities,https://www.finra.org/rules-guidance/rulebooks/finra-rules/11892
FINRA Rule,11893. Clearly Erroneous Transactions in OTC Equity Securities,https://www.finra.org/rules-guidance/rulebooks/finra-rules/11893
FINRA Rule,11894. Review by the Uniform Practice Code (“UPC”) Committee,https://www.finra.org/rules-guidance/rulebooks/finra-rules/11894
FINRA Rule,11900. Clearance of Corporate Debt Securities,https://www.finra.org/rules-guidance/rulebooks/finra-rules/11900
FINRA Rule,IM-12000. Failure to Act Under Provisions of Code of Arbitration Procedure for Customer Disputes,https://www.finra.org/rules-guidance/rulebooks/finra-rules/im-12000
FINRA Rule,12100. Definitions,https://www.finra.org/rules-guidance/rulebooks/finra-rules/12100
FINRA Rule,12101. Applicability of Code and Incorporation by Reference,https://www.finra.org/rules-guidance/rulebooks/finra-rules/12101
FINRA Rule,12102. National Arbitration and Mediation Committee,https://www.finra.org/rules-guidance/rulebooks/finra-rules/12102
FINRA Rule,12103. Director of FINRA Dispute Resolution Services,https://www.finra.org/rules-guidance/rulebooks/finra-rules/12103
FINRA Rule,12104. Effect of Arbitration on FINRA Regulatory Activities; Arbitrator Referral During or at Conclusion of Case,https://www.finra.org/rules-guidance/rulebooks/finra-rules/12104
FINRA Rule,12105. Agreement of the Parties,https://www.finra.org/rules-guidance/rulebooks/finra-rules/12105
FINRA Rule,12200. Arbitration Under an Arbitration Agreement or the Rules of FINRA,https://www.finra.org/rules-guidance/rulebooks/finra-rules/12200
FINRA Rule,12201. Elective Arbitration,https://www.finra.org/rules-guidance/rulebooks/finra-rules/12201
FINRA Rule,12202. Claims Against Inactive Members,https://www.finra.org/rules-guidance/rulebooks/finra-rules/12202
FINRA Rule,12203. Denial of FINRA Forum,https://www.finra.org/rules-guidance/rulebooks/finra-rules/12203
FINRA Rule,12204. Class Action Claims,https://www.finra.org/rules-guidance/rulebooks/finra-rules/12204
FINRA Rule,12205. Shareholder Derivative Actions,https://www.finra.org/rules-guidance/rulebooks/finra-rules/12205
FINRA Rule,12206. Time Limits,https://www.finra.org/rules-guidance/rulebooks/finra-rules/12206
FINRA Rule,12207. Extension of Deadlines,https://www.finra.org/rules-guidance/rulebooks/finra-rules/12207
FINRA Rule,12208. Representation of Parties,https://www.finra.org/rules-guidance/rulebooks/finra-rules/12208
FINRA Rule,12209. Legal Proceedings,https://www.finra.org/rules-guidance/rulebooks/finra-rules/12209
FINRA Rule,12210. Ex Parte Communications,https://www.finra.org/rules-guidance/rulebooks/finra-rules/12210
FINRA Rule,12211. Direct Communication Between Parties and Arbitrators,https://www.finra.org/rules-guidance/rulebooks/finra-rules/12211
FINRA Rule,12212. Sanctions,https://www.finra.org/rules-guidance/rulebooks/finra-rules/12212
FINRA Rule,12213. Hearing Locations,https://www.finra.org/rules-guidance/rulebooks/finra-rules/12213
FINRA Rule,12214. Payment of Arbitrators,https://www.finra.org/rules-guidance/rulebooks/finra-rules/12214
FINRA Rule,12300. Filing and Serving Documents,https://www.finra.org/rules-guidance/rulebooks/finra-rules/12300
FINRA Rule,12301. Service on Associated Persons,https://www.finra.org/rules-guidance/rulebooks/finra-rules/12301
FINRA Rule,12302. Filing and Serving an Initial Statement of Claim,https://www.finra.org/rules-guidance/rulebooks/finra-rules/12302
FINRA Rule,12303. Answering the Statement of Claim,https://www.finra.org/rules-guidance/rulebooks/finra-rules/12303
FINRA Rule,12304. Answering Counterclaims,https://www.finra.org/rules-guidance/rulebooks/finra-rules/12304
FINRA Rule,12305. Answering Cross Claims,https://www.finra.org/rules-guidance/rulebooks/finra-rules/12305
FINRA Rule,12306. Answering Third Party Claims,https://www.finra.org/rules-guidance/rulebooks/finra-rules/12306
FINRA Rule,12307. Deficient Claims,https://www.finra.org/rules-guidance/rulebooks/finra-rules/12307
FINRA Rule,12308. Loss of Defenses Due to Untimely or Incomplete Answer,https://www.finra.org/rules-guidance/rulebooks/finra-rules/12308
FINRA Rule,12309. Amending Pleadings,https://www.finra.org/rules-guidance/rulebooks/finra-rules/12309
FINRA Rule,12310. Answering Amended Claims,https://www.finra.org/rules-guidance/rulebooks/finra-rules/12310
FINRA Rule,12311. Amendments to Amount in Dispute,https://www.finra.org/rules-guidance/rulebooks/finra-rules/12311
FINRA Rule,12312. Multiple Claimants,https://www.finra.org/rules-guidance/rulebooks/finra-rules/12312
FINRA Rule,12313. Multiple Respondents,https://www.finra.org/rules-guidance/rulebooks/finra-rules/12313
FINRA Rule,12314. Combining Claims,https://www.finra.org/rules-guidance/rulebooks/finra-rules/12314
FINRA Rule,12400. List Selection Algorithm and Arbitrator Rosters,https://www.finra.org/rules-guidance/rulebooks/finra-rules/12400
FINRA Rule,12401. Number of Arbitrators,https://www.finra.org/rules-guidance/rulebooks/finra-rules/12401
FINRA Rule,12402. Cases with One Arbitrator,https://www.finra.org/rules-guidance/rulebooks/finra-rules/12402
FINRA Rule,12403. Cases with Three Arbitrators,https://www.finra.org/rules-guidance/rulebooks/finra-rules/12403
FINRA Rule,12404. Additional Parties,https://www.finra.org/rules-guidance/rulebooks/finra-rules/12404
FINRA Rule,12405. Disclosures Required of Arbitrators,https://www.finra.org/rules-guidance/rulebooks/finra-rules/12405
FINRA Rule,12406. Arbitrator Recusal,https://www.finra.org/rules-guidance/rulebooks/finra-rules/12406
FINRA Rule,12407. Removal of Arbitrator by Director,https://www.finra.org/rules-guidance/rulebooks/finra-rules/12407-0
FINRA Rule,12408. Director's Discretionary Authority,https://www.finra.org/rules-guidance/rulebooks/finra-rules/12408-0
FINRA Rule,12409. Jurisdiction of Panel and Authority to Interpret the Code,https://www.finra.org/rules-guidance/rulebooks/finra-rules/12409-0
FINRA Rule,12410. Determinations of Arbitration Panel,https://www.finra.org/rules-guidance/rulebooks/finra-rules/12410-0
FINRA Rule,12500. Initial Prehearing Conference,https://www.finra.org/rules-guidance/rulebooks/finra-rules/12500
FINRA Rule,12501. Other Prehearing Conferences,https://www.finra.org/rules-guidance/rulebooks/finra-rules/12501
FINRA Rule,12502. Recording Prehearing Conferences,https://www.finra.org/rules-guidance/rulebooks/finra-rules/12502
FINRA Rule,12503. Motions,https://www.finra.org/rules-guidance/rulebooks/finra-rules/12503
FINRA Rule,12504. Motions to Dismiss,https://www.finra.org/rules-guidance/rulebooks/finra-rules/12504
FINRA Rule,12505. Cooperation of Parties in Discovery,https://www.finra.org/rules-guidance/rulebooks/finra-rules/12505
FINRA Rule,12506. Document Production Lists,https://www.finra.org/rules-guidance/rulebooks/finra-rules/12506
FINRA Rule,12507. Other Discovery Requests,https://www.finra.org/rules-guidance/rulebooks/finra-rules/12507
FINRA Rule,12508. Objecting to Discovery; Waiver of Objection,https://www.finra.org/rules-guidance/rulebooks/finra-rules/12508
FINRA Rule,12509. Motions to Compel Discovery,https://www.finra.org/rules-guidance/rulebooks/finra-rules/12509
FINRA Rule,12510. Depositions,https://www.finra.org/rules-guidance/rulebooks/finra-rules/12510
FINRA Rule,12511. Discovery Sanctions,https://www.finra.org/rules-guidance/rulebooks/finra-rules/12511
FINRA Rule,12512. Subpoenas,https://www.finra.org/rules-guidance/rulebooks/finra-rules/12512
FINRA Rule,12513. Authority of Panel to Direct Appearances of Associated Person Witnesses and Production of Documents Without Subpoenas,https://www.finra.org/rules-guidance/rulebooks/finra-rules/12513
FINRA Rule,"12514. Prehearing Exchange of Documents and Witness Lists, and Explained Decision Requests",https://www.finra.org/rules-guidance/rulebooks/finra-rules/12514
FINRA Rule,12600. Required Hearings,https://www.finra.org/rules-guidance/rulebooks/finra-rules/12600
FINRA Rule,12601. Postponement of Hearings,https://www.finra.org/rules-guidance/rulebooks/finra-rules/12601
FINRA Rule,12602. Attendance at Hearings,https://www.finra.org/rules-guidance/rulebooks/finra-rules/12602
FINRA Rule,12603. Failure to Appear,https://www.finra.org/rules-guidance/rulebooks/finra-rules/12603
FINRA Rule,12604. Evidence,https://www.finra.org/rules-guidance/rulebooks/finra-rules/12604
FINRA Rule,12605. Witness Oath,https://www.finra.org/rules-guidance/rulebooks/finra-rules/12605
FINRA Rule,12606. Record of Proceedings,https://www.finra.org/rules-guidance/rulebooks/finra-rules/12606
FINRA Rule,12607. Order of Presentation of Evidence and Arguments,https://www.finra.org/rules-guidance/rulebooks/finra-rules/12607
FINRA Rule,12608. Closing the Record,https://www.finra.org/rules-guidance/rulebooks/finra-rules/12608
FINRA Rule,12609. Reopening the Record,https://www.finra.org/rules-guidance/rulebooks/finra-rules/12609
FINRA Rule,12700. Dismissal of Proceedings Prior to Award,https://www.finra.org/rules-guidance/rulebooks/finra-rules/12700
FINRA Rule,12701. Settlement,https://www.finra.org/rules-guidance/rulebooks/finra-rules/12701
FINRA Rule,12702. Withdrawal of Claims,https://www.finra.org/rules-guidance/rulebooks/finra-rules/12702
FINRA Rule,12800. Simplified Arbitration,https://www.finra.org/rules-guidance/rulebooks/finra-rules/12800
FINRA Rule,12801. Default Proceedings,https://www.finra.org/rules-guidance/rulebooks/finra-rules/12801
FINRA Rule,12805. Expungement of Customer Dispute Information from the Central Registration Depository (CRD) System,https://www.finra.org/rules-guidance/rulebooks/finra-rules/12805
FINRA Rule,12900. Fees Due When a Claim Is Filed,https://www.finra.org/rules-guidance/rulebooks/finra-rules/12900
FINRA Rule,12901. Member Surcharge,https://www.finra.org/rules-guidance/rulebooks/finra-rules/12901
FINRA Rule,"12902. Hearing Session Fees, and Other Costs and Expenses",https://www.finra.org/rules-guidance/rulebooks/finra-rules/12902
FINRA Rule,12903. Process Fees Paid by Members,https://www.finra.org/rules-guidance/rulebooks/finra-rules/12903
FINRA Rule,12904. Awards,https://www.finra.org/rules-guidance/rulebooks/finra-rules/12904
FINRA Rule,12905. Submissions After a Case Has Closed,https://www.finra.org/rules-guidance/rulebooks/finra-rules/12905
FINRA Rule,IM-13000. Failure to Act Under Provisions of Code of Arbitration Procedure for Industry Disputes,https://www.finra.org/rules-guidance/rulebooks/finra-rules/im-13000
FINRA Rule,13100. Definitions,https://www.finra.org/rules-guidance/rulebooks/finra-rules/13100
FINRA Rule,13101. Applicability of Code and Incorporation by Reference,https://www.finra.org/rules-guidance/rulebooks/finra-rules/13101
FINRA Rule,13102. National Arbitration and Mediation Committee,https://www.finra.org/rules-guidance/rulebooks/finra-rules/13102
FINRA Rule,13103. Director of FINRA Dispute Resolution Services,https://www.finra.org/rules-guidance/rulebooks/finra-rules/13103
FINRA Rule,13104. Effect of Arbitration on FINRA Regulatory Activities; Arbitrator Referral During or at Conclusion of Case,https://www.finra.org/rules-guidance/rulebooks/finra-rules/13104
FINRA Rule,13105. Agreement of the Parties,https://www.finra.org/rules-guidance/rulebooks/finra-rules/13105
FINRA Rule,13200. Required Arbitration,https://www.finra.org/rules-guidance/rulebooks/finra-rules/13200
FINRA Rule,"13201. Statutory Employment Discrimination Claims, Disputes Arising Under a Whistleblower Statute that Prohibits the Use of Predispute Arbitration Agreements, Sexual Assault Claims, and Sexual Harassment Claims",https://www.finra.org/rules-guidance/rulebooks/finra-rules/13201
FINRA Rule,13202. Claims Involving Registered Clearing Agencies,https://www.finra.org/rules-guidance/rulebooks/finra-rules/13202
FINRA Rule,13203. Denial of FINRA Forum,https://www.finra.org/rules-guidance/rulebooks/finra-rules/13203
FINRA Rule,13204. Class Action and Collective Action Claims,https://www.finra.org/rules-guidance/rulebooks/finra-rules/13204
FINRA Rule,13205. Shareholder Derivative Actions,https://www.finra.org/rules-guidance/rulebooks/finra-rules/13205
FINRA Rule,13206. Time Limits,https://www.finra.org/rules-guidance/rulebooks/finra-rules/13206
FINRA Rule,13207. Extension of Deadlines,https://www.finra.org/rules-guidance/rulebooks/finra-rules/13207
FINRA Rule,13208. Representation of Parties,https://www.finra.org/rules-guidance/rulebooks/finra-rules/13208
FINRA Rule,13209. Legal Proceedings,https://www.finra.org/rules-guidance/rulebooks/finra-rules/13209
FINRA Rule,13210. Ex Parte Communications,https://www.finra.org/rules-guidance/rulebooks/finra-rules/13210
FINRA Rule,13211. Direct Communication Between Parties and Arbitrators,https://www.finra.org/rules-guidance/rulebooks/finra-rules/13211
FINRA Rule,13212. Sanctions,https://www.finra.org/rules-guidance/rulebooks/finra-rules/13212
FINRA Rule,13213. Hearing Locations,https://www.finra.org/rules-guidance/rulebooks/finra-rules/13213
FINRA Rule,13214. Payment of Arbitrators,https://www.finra.org/rules-guidance/rulebooks/finra-rules/13214
FINRA Rule,13300. Filing and Serving Documents,https://www.finra.org/rules-guidance/rulebooks/finra-rules/13300
FINRA Rule,13301. Service on Associated Persons,https://www.finra.org/rules-guidance/rulebooks/finra-rules/13301
FINRA Rule,13302. Filing and Serving an Initial Statement of Claim,https://www.finra.org/rules-guidance/rulebooks/finra-rules/13302
FINRA Rule,13303. Answering the Statement of Claim,https://www.finra.org/rules-guidance/rulebooks/finra-rules/13303
FINRA Rule,13304. Answering Counterclaims,https://www.finra.org/rules-guidance/rulebooks/finra-rules/13304
FINRA Rule,13305. Answering Cross Claims,https://www.finra.org/rules-guidance/rulebooks/finra-rules/13305
FINRA Rule,13306. Answering Third Party Claims,https://www.finra.org/rules-guidance/rulebooks/finra-rules/13306
FINRA Rule,13307. Deficient Claims,https://www.finra.org/rules-guidance/rulebooks/finra-rules/13307
FINRA Rule,13308. Loss of Defenses Due to Untimely or Incomplete Answer,https://www.finra.org/rules-guidance/rulebooks/finra-rules/13308
FINRA Rule,13309. Amending Pleadings,https://www.finra.org/rules-guidance/rulebooks/finra-rules/13309
FINRA Rule,13310. Answering Amended Claims,https://www.finra.org/rules-guidance/rulebooks/finra-rules/13310
FINRA Rule,13311. Amendments to Amount in Dispute,https://www.finra.org/rules-guidance/rulebooks/finra-rules/13311
FINRA Rule,13312. Multiple Claimants,https://www.finra.org/rules-guidance/rulebooks/finra-rules/13312
FINRA Rule,13313. Multiple Respondents,https://www.finra.org/rules-guidance/rulebooks/finra-rules/13313
FINRA Rule,13314. Combining Claims,https://www.finra.org/rules-guidance/rulebooks/finra-rules/13314
FINRA Rule,13400.List Selection Algorithm and Arbitrator Rosters,https://www.finra.org/rules-guidance/rulebooks/finra-rules/13400
FINRA Rule,13401. Number of Arbitrators,https://www.finra.org/rules-guidance/rulebooks/finra-rules/13401
FINRA Rule,"13402. Composition of Arbitration Panels in Cases Not Involving a Claim of Sexual Assault, Sexual Harassment, or Statutory Employment Discrimination",https://www.finra.org/rules-guidance/rulebooks/finra-rules/13402
FINRA Rule,13403. Generating and Sending Lists to the Parties,https://www.finra.org/rules-guidance/rulebooks/finra-rules/13403
FINRA Rule,13404. Striking and Ranking Arbitrators,https://www.finra.org/rules-guidance/rulebooks/finra-rules/13404
FINRA Rule,13405. Combining Lists,https://www.finra.org/rules-guidance/rulebooks/finra-rules/13405
FINRA Rule,13406. Appointment of Arbitrators; Discretion to Appoint Arbitrators Not on List,https://www.finra.org/rules-guidance/rulebooks/finra-rules/13406
FINRA Rule,13407. Additional Parties,https://www.finra.org/rules-guidance/rulebooks/finra-rules/13407
FINRA Rule,13408. Disclosures Required of Arbitrators,https://www.finra.org/rules-guidance/rulebooks/finra-rules/13408
FINRA Rule,13409. Arbitrator Recusal,https://www.finra.org/rules-guidance/rulebooks/finra-rules/13409
FINRA Rule,13410. Removal of Arbitrator by Director,https://www.finra.org/rules-guidance/rulebooks/finra-rules/13410
FINRA Rule,13411. Replacement of Arbitrators,https://www.finra.org/rules-guidance/rulebooks/finra-rules/13411
FINRA Rule,13412. Director's Discretionary Authority,https://www.finra.org/rules-guidance/rulebooks/finra-rules/13412
FINRA Rule,13413. Jurisdiction of Panel and Authority to Interpret the Code,https://www.finra.org/rules-guidance/rulebooks/finra-rules/13413
FINRA Rule,13414. Determinations of Arbitration Panel,https://www.finra.org/rules-guidance/rulebooks/finra-rules/13414
FINRA Rule,13500. Initial Prehearing Conference,https://www.finra.org/rules-guidance/rulebooks/finra-rules/13500
FINRA Rule,13501. Other Prehearing Conferences,https://www.finra.org/rules-guidance/rulebooks/finra-rules/13501
FINRA Rule,13502. Recording Prehearing Conferences,https://www.finra.org/rules-guidance/rulebooks/finra-rules/13502
FINRA Rule,13503. Motions,https://www.finra.org/rules-guidance/rulebooks/finra-rules/13503
FINRA Rule,13504. Motions to Dismiss,https://www.finra.org/rules-guidance/rulebooks/finra-rules/13504
FINRA Rule,13505. Cooperation of Parties in Discovery,https://www.finra.org/rules-guidance/rulebooks/finra-rules/13505
FINRA Rule,13506. Discovery Requests,https://www.finra.org/rules-guidance/rulebooks/finra-rules/13506
FINRA Rule,13507. Responding to Discovery Requests,https://www.finra.org/rules-guidance/rulebooks/finra-rules/13507
FINRA Rule,13508. Objecting to Discovery Requests; Waiver of Objection,https://www.finra.org/rules-guidance/rulebooks/finra-rules/13508
FINRA Rule,13509. Motions to Compel Discovery,https://www.finra.org/rules-guidance/rulebooks/finra-rules/13509
FINRA Rule,13510. Depositions,https://www.finra.org/rules-guidance/rulebooks/finra-rules/13510
FINRA Rule,13511. Discovery Sanctions,https://www.finra.org/rules-guidance/rulebooks/finra-rules/13511
FINRA Rule,13512. Subpoenas,https://www.finra.org/rules-guidance/rulebooks/finra-rules/13512
FINRA Rule,13513. Authority of Panel to Direct Appearances of Associated Person Witnesses and Production of Documents Without Subpoenas,https://www.finra.org/rules-guidance/rulebooks/finra-rules/13513
FINRA Rule,"13514. Prehearing Exchange of Documents and Witness Lists, and Explained Decision Requests",https://www.finra.org/rules-guidance/rulebooks/finra-rules/13514
FINRA Rule,13600. Required Hearings,https://www.finra.org/rules-guidance/rulebooks/finra-rules/13600
FINRA Rule,13601. Postponement of Hearings,https://www.finra.org/rules-guidance/rulebooks/finra-rules/13601
FINRA Rule,13602. Attendance at Hearings,https://www.finra.org/rules-guidance/rulebooks/finra-rules/13602
FINRA Rule,13603. Failure to Appear,https://www.finra.org/rules-guidance/rulebooks/finra-rules/13603
FINRA Rule,13604. Evidence,https://www.finra.org/rules-guidance/rulebooks/finra-rules/13604
FINRA Rule,13605. Witness Oath,https://www.finra.org/rules-guidance/rulebooks/finra-rules/13605
FINRA Rule,13606. Record of Proceedings,https://www.finra.org/rules-guidance/rulebooks/finra-rules/13606
FINRA Rule,13607. Order of Presentation of Evidence and Arguments,https://www.finra.org/rules-guidance/rulebooks/finra-rules/13607
FINRA Rule,13608. Closing the Record,https://www.finra.org/rules-guidance/rulebooks/finra-rules/13608
FINRA Rule,13609. Reopening the Record,https://www.finra.org/rules-guidance/rulebooks/finra-rules/13609
FINRA Rule,13700. Dismissal of Proceedings Prior to Award,https://www.finra.org/rules-guidance/rulebooks/finra-rules/13700
FINRA Rule,13701. Settlement,https://www.finra.org/rules-guidance/rulebooks/finra-rules/13701
FINRA Rule,13702. Withdrawal of Claims,https://www.finra.org/rules-guidance/rulebooks/finra-rules/13702
FINRA Rule,13800. Simplified Arbitration,https://www.finra.org/rules-guidance/rulebooks/finra-rules/13800
FINRA Rule,13801. Default Proceedings,https://www.finra.org/rules-guidance/rulebooks/finra-rules/13801
FINRA Rule,"13802. Sexual Assault Claims, Sexual Harassment Claims, or Statutory Employment Discrimination Claims",https://www.finra.org/rules-guidance/rulebooks/finra-rules/13802
FINRA Rule,"13803. Coordination of Sexual Assault Claims, Sexual Harassment Claims or Statutory Employment Discrimination Claims Filed in Court and in Arbitration",https://www.finra.org/rules-guidance/rulebooks/finra-rules/13803
FINRA Rule,13804. Temporary Injunctive Orders; Requests for Permanent Injunctive Relief,https://www.finra.org/rules-guidance/rulebooks/finra-rules/13804
FINRA Rule,13805. Expungement of Customer Dispute Information from the Central Registration Depository (CRD) System,https://www.finra.org/rules-guidance/rulebooks/finra-rules/13805
FINRA Rule,13806. Panel to Decide Requests for Expungement of Customer Dispute Information Filed by an Associated Person under Rule 13805,https://www.finra.org/rules-guidance/rulebooks/finra-rules/13806
FINRA Rule,13807. Promissory Note Proceedings,https://www.finra.org/rules-guidance/rulebooks/finra-rules/13807
FINRA Rule,13900. Fees Due When a Claim Is Filed,https://www.finra.org/rules-guidance/rulebooks/finra-rules/13900
FINRA Rule,13901. Member Surcharge,https://www.finra.org/rules-guidance/rulebooks/finra-rules/13901
FINRA Rule,"13902. Hearing Session Fees, and Other Costs and Expenses",https://www.finra.org/rules-guidance/rulebooks/finra-rules/13902
FINRA Rule,13903. Process Fees Paid by Members,https://www.finra.org/rules-guidance/rulebooks/finra-rules/13903
FINRA Rule,13904. Awards,https://www.finra.org/rules-guidance/rulebooks/finra-rules/13904
FINRA Rule,13905. Submissions After a Case Has Closed,https://www.finra.org/rules-guidance/rulebooks/finra-rules/13905
FINRA Rule,14100. Definitions,https://www.finra.org/rules-guidance/rulebooks/finra-rules/14100
FINRA Rule,14101. Applicability of Code,https://www.finra.org/rules-guidance/rulebooks/finra-rules/14101
FINRA Rule,14102. National Arbitration and Mediation Committee,https://www.finra.org/rules-guidance/rulebooks/finra-rules/14102
FINRA Rule,14103. Director of Mediation,https://www.finra.org/rules-guidance/rulebooks/finra-rules/14103
FINRA Rule,14104. Mediation under the Code,https://www.finra.org/rules-guidance/rulebooks/finra-rules/14104
FINRA Rule,14105. Effect of Mediation on Arbitration Proceedings,https://www.finra.org/rules-guidance/rulebooks/finra-rules/14105
FINRA Rule,14106. Representation of Parties,https://www.finra.org/rules-guidance/rulebooks/finra-rules/14106
FINRA Rule,14107. Mediator Selection,https://www.finra.org/rules-guidance/rulebooks/finra-rules/14107
FINRA Rule,14108. Limitation on Liability,https://www.finra.org/rules-guidance/rulebooks/finra-rules/14108
FINRA Rule,14109. Mediation Ground Rules,https://www.finra.org/rules-guidance/rulebooks/finra-rules/14109
FINRA Rule,14110. Mediation Fees,https://www.finra.org/rules-guidance/rulebooks/finra-rules/14110
FINRA Rule,0100. GENERAL STANDARDS›,https://www.finra.org/rules-guidance/rulebooks/finra-rules/0100
FINRA Rule,"40
    FINRA Rules",https://www.finra.org/rules-guidance/rulebooks/finra-rulebook-search-tool-first#first-rules
FINRA Rule,FINRA Rulebook Search Tool™ (FIRST™),https://www.finra.org/rules-guidance/rulebooks/finra-rules
FINRA Rule,"Learn
    More",https://www.finra.org/rules-guidance/rulebooks/finra-rulebook-search-tool-first
FINRA Key Topics,FINRA Manual,https://www.finra.org/rules-guidance/finra-manual
FINRA Key Topics,Updates,https://www.finra.org/rules-guidance/rulebooks/updates
FINRA Key Topics,Interpreting the Rules,https://www.finra.org/rules-guidance/interpreting-rules
FINRA Key Topics,Notices,https://www.finra.org/rules-guidance/notices
FINRA Key Topics,Guidance,https://www.finra.org/rules-guidance/guidance
FINRA Key Topics,Frequently Asked Questions,https://www.finra.org/rules-guidance/guidance/faqs
FINRA Key Topics,Key Topics,https://www.finra.org/rules-guidance/key-topics
FINRA Key Topics,Interpretive Questions,https://www.finra.org/rules-guidance/interpretive-questions
FINRA Key Topics,The Rulemaking Process,https://www.finra.org/rules-guidance/rulemaking-process
FINRA Key Topics,Rule Filings,https://www.finra.org/rules-guidance/rule-filings
FINRA Key Topics,Requests for Comments,https://www.finra.org/rules-guidance/requests-for-comments
FINRA Key Topics,Rulebook Consolidation,https://www.finra.org/rules-guidance/rulebook-consolidation
FINRA Key Topics,Adjudications & Decisions,https://www.finra.org/rules-guidance/adjudication-decisions
FINRA Key Topics,National Adjudicatory Council (NAC),https://www.finra.org/rules-guidance/adjudication-decisions/national-adjudicatory-council-nac
FINRA Key Topics,Office of Hearing Officers (OHO),https://www.finra.org/rules-guidance/adjudication-decisions/office-hearing-officers-oho/about
FINRA Key Topics,Enforcement,https://www.finra.org/rules-guidance/enforcement
FINRA Key Topics,Disciplinary Actions Online,https://www.finra.org/rules-guidance/oversight-enforcement/disciplinary-actions-online
FINRA Key Topics,Monthly Disciplinary Actions,https://www.finra.org/rules-guidance/oversight-enforcement/disciplinary-actions
FINRA Key Topics,Sanction Guidelines,https://www.finra.org/rules-guidance/oversight-enforcement/sanction-guidelines
FINRA Key Topics,Individuals Barred by FINRA,https://www.finra.org/rules-guidance/oversight-Oversight%20%26%20Enforcement/individuals-barred-finra
FINRA Key Topics,FINRA Manual,https://www.finra.org/rules-guidance/rulebooks
FINRA Key Topics,Updates,https://www.finra.org/rules-guidance/rulebooks/updates
FINRA Key Topics,Interpreting the Rules,https://www.finra.org/rules-guidance/interpreting-rules
FINRA Key Topics,Notices,https://www.finra.org/rules-guidance/notices
FINRA Key Topics,Guidance,https://www.finra.org/rules-guidance/guidance
FINRA Key Topics,Frequently Asked Questions,https://www.finra.org/rules-guidance/guidance/faqs
FINRA Key Topics,Key Topics,https://www.finra.org/rules-guidance/key-topics
FINRA Key Topics,Interpretive Questions,https://www.finra.org/rules-guidance/interpretive-questions
FINRA Key Topics,The Rulemaking Process,https://www.finra.org/rules-guidance/rulemaking-process
FINRA Key Topics,Rule Filings,https://www.finra.org/rules-guidance/rule-filings
FINRA Key Topics,Requests for Comments,https://www.finra.org/rules-guidance/requests-for-comments
FINRA Key Topics,Rulebook Consolidation,https://www.finra.org/rules-guidance/rulebook-consolidation
FINRA Key Topics,Retrospective Rule Review,https://www.finra.org/rules-guidance/rulemaking-process/retrospective-rule-review
FINRA Key Topics,Enforcement,https://www.finra.org/rules-guidance/enforcement
FINRA Key Topics,Disciplinary Actions Online,https://www.finra.org/rules-guidance/oversight-enforcement/disciplinary-actions-online
FINRA Key Topics,Monthly Disciplinary Actions,https://www.finra.org/rules-guidance/oversight-enforcement/disciplinary-actions
FINRA Key Topics,Sanction Guidelines,https://www.finra.org/rules-guidance/oversight-enforcement/sanction-guidelines
FINRA Key Topics,Individuals Barred by FINRA,https://www.finra.org/rules-guidance/oversight-enforcement/individuals-barred-finra
FINRA Key Topics,Adjudication & Decisions,https://www.finra.org/rules-guidance/adjudication-decisions
FINRA Key Topics,National Adjudicatory Council (NAC),https://www.finra.org/rules-guidance/adjudication-decisions/national-adjudicatory-council-nac
FINRA Key Topics,Office of Hearing Officers (OHO),https://www.finra.org/rules-guidance/adjudication-decisions/office-hearing-officers-oho/about
FINRA Key Topics,Advertising Regulation,https://www.finra.org/rules-guidance/key-topics/advertising-regulation
FINRA Key Topics,Algorithmic Trading,https://www.finra.org/rules-guidance/key-topics/algorithmic-trading
FINRA Key Topics,Annual Reports,https://www.finra.org/rules-guidance/key-topics/annual-reports
FINRA Key Topics,Anti-Money Laundering,https://www.finra.org/rules-guidance/key-topics/aml
FINRA Key Topics,Books & Records,https://www.finra.org/rules-guidance/key-topics/books-records
FINRA Key Topics,Breakpoints,https://www.finra.org/rules-guidance/key-topics/breakpoints
FINRA Key Topics,Broker-Dealer Recruitment Disclosures,https://www.finra.org/rules-guidance/key-topics/broker-dealer-recruitment-disclosures
FINRA Key Topics,Business Continuity Planning,https://www.finra.org/rules-guidance/key-topics/business-continuity-planning
FINRA Key Topics,Conflicts of Interest,https://www.finra.org/rules-guidance/key-topics/conflicts-of-interest
FINRA Key Topics,Consolidated Audit Trail (CAT),https://www.finra.org/rules-guidance/key-topics/consolidated-audit-trail-cat
FINRA Key Topics,Crypto Assets,https://www.finra.org/rules-guidance/key-topics/crypto-assets
FINRA Key Topics,Customer Account Transfers,https://www.finra.org/rules-guidance/key-topics/customer-account-transfers
FINRA Key Topics,Customer Information Protection,https://www.finra.org/rules-guidance/key-topics/customer-information-protection
FINRA Key Topics,Cybersecurity,https://www.finra.org/rules-guidance/key-topics/cybersecurity
FINRA Key Topics,Expungement of Customer Dispute Information,https://www.finra.org/rules-guidance/key-topics/expungement
FINRA Key Topics,FINRA Examination and Risk Monitoring Programs,https://www.finra.org/rules-guidance/key-topics/finra-examination-risk-monitoring-programs
FINRA Key Topics,FinTech,https://www.finra.org/rules-guidance/key-topics/fintech
FINRA Key Topics,Fixed Income,https://www.finra.org/rules-guidance/key-topics/fixed-income
FINRA Key Topics,Funding and Liquidity,https://www.finra.org/rules-guidance/key-topics/funding-liquidity
FINRA Key Topics,"Gifts, Gratuities and Non-Cash Compensation",https://www.finra.org/rules-guidance/key-topics/gifts-gratuities-and-non-cash-compensation
FINRA Key Topics,Information and Testimony Requests,https://www.finra.org/rules-guidance/guidance/information-and-testimony-requests
FINRA Key Topics,Investor Education Resources,https://www.finra.org/rules-guidance/key-topics/investor-education-resources
FINRA Key Topics,Margin Regulation,https://www.finra.org/rules-guidance/key-topics/margin-accounts
FINRA Key Topics,Market Access,https://www.finra.org/rules-guidance/key-topics/market-access
FINRA Key Topics,"Mergers, Acquisitions & Business Transfers",https://www.finra.org/rules-guidance/key-topics/mergers-acquisitions-business-transfers
FINRA Key Topics,Municipal Advisor Regulation,https://www.finra.org/rules-guidance/key-topics/municipal-advisor-regulation
FINRA Key Topics,Municipal Securities,https://www.finra.org/rules-guidance/key-topics/municipal-securities
FINRA Key Topics,Mutual Funds,https://www.finra.org/rules-guidance/key-topics/mutual-funds
FINRA Key Topics,Private Placements,https://www.finra.org/rules-guidance/key-topics/private-placements
FINRA Key Topics,Protecting Investors From Misconduct,https://www.finra.org/rules-guidance/key-topics/protecting-investors-from-misconduct
FINRA Key Topics,Public Offerings,https://www.finra.org/rules-guidance/key-topics/public-offerings
FINRA Key Topics,Remote Inspections Pilot Program,https://www.finra.org/rules-guidance/key-topics/remote-inspections-pilot-program
FINRA Key Topics,Research Analyst Rules,https://www.finra.org/rules-guidance/key-topics/research-analyst-rules
FINRA Key Topics,Residential Supervisory Locations (RSLs),https://www.finra.org/rules-guidance/key-topics/residential-supervisory-locations
FINRA Key Topics,Scam Prevention & Assistance Resources,https://www.finra.org/rules-guidance/key-topics/scam-prevention-assistance-resources
FINRA Key Topics,SEC Regulation Best Interest (Reg BI),https://www.finra.org/rules-guidance/key-topics/regulation-best-interest
FINRA Key Topics,Security Futures,https://www.finra.org/rules-guidance/key-topics/security-futures
FINRA Key Topics,Senior Investors,https://www.finra.org/rules-guidance/key-topics/senior-investors
FINRA Key Topics,Social Media,https://www.finra.org/rules-guidance/key-topics/social-media
FINRA Key Topics,Suitability,https://www.finra.org/rules-guidance/key-topics/suitability
FINRA Key Topics,Supervision,https://www.finra.org/rules-guidance/key-topics/supervision
FINRA Key Topics,Tick Size Pilot Program,https://www.finra.org/rules-guidance/key-topics/tick-size-pilot-program
FINRA Key Topics,Variable Annuities,https://www.finra.org/rules-guidance/key-topics/variable-annuities
FINRA Guidance,FINRA Manual,https://www.finra.org/rules-guidance/finra-manual
FINRA Guidance,Updates,https://www.finra.org/rules-guidance/rulebooks/updates
FINRA Guidance,Interpreting the Rules,https://www.finra.org/rules-guidance/interpreting-rules
FINRA Guidance,Notices,https://www.finra.org/rules-guidance/notices
FINRA Guidance,Guidance,https://www.finra.org/rules-guidance/guidance
FINRA Guidance,Frequently Asked Questions,https://www.finra.org/rules-guidance/guidance/faqs
FINRA Guidance,Key Topics,https://www.finra.org/rules-guidance/key-topics
FINRA Guidance,Interpretive Questions,https://www.finra.org/rules-guidance/interpretive-questions
FINRA Guidance,The Rulemaking Process,https://www.finra.org/rules-guidance/rulemaking-process
FINRA Guidance,Rule Filings,https://www.finra.org/rules-guidance/rule-filings
FINRA Guidance,Requests for Comments,https://www.finra.org/rules-guidance/requests-for-comments
FINRA Guidance,Rulebook Consolidation,https://www.finra.org/rules-guidance/rulebook-consolidation
FINRA Guidance,Adjudications & Decisions,https://www.finra.org/rules-guidance/adjudication-decisions
FINRA Guidance,National Adjudicatory Council (NAC),https://www.finra.org/rules-guidance/adjudication-decisions/national-adjudicatory-council-nac
FINRA Guidance,Office of Hearing Officers (OHO),https://www.finra.org/rules-guidance/adjudication-decisions/office-hearing-officers-oho/about
FINRA Guidance,Enforcement,https://www.finra.org/rules-guidance/enforcement
FINRA Guidance,Disciplinary Actions Online,https://www.finra.org/rules-guidance/oversight-enforcement/disciplinary-actions-online
FINRA Guidance,Monthly Disciplinary Actions,https://www.finra.org/rules-guidance/oversight-enforcement/disciplinary-actions
FINRA Guidance,Sanction Guidelines,https://www.finra.org/rules-guidance/oversight-enforcement/sanction-guidelines
FINRA Guidance,Individuals Barred by FINRA,https://www.finra.org/rules-guidance/oversight-Oversight%20%26%20Enforcement/individuals-barred-finra
FINRA Guidance,FINRA Manual,https://www.finra.org/rules-guidance/rulebooks
FINRA Guidance,Updates,https://www.finra.org/rules-guidance/rulebooks/updates
FINRA Guidance,Interpreting the Rules,https://www.finra.org/rules-guidance/interpreting-rules
FINRA Guidance,Notices,https://www.finra.org/rules-guidance/notices
FINRA Guidance,Guidance,https://www.finra.org/rules-guidance/guidance
FINRA Guidance,Frequently Asked Questions,https://www.finra.org/rules-guidance/guidance/faqs
FINRA Guidance,Key Topics,https://www.finra.org/rules-guidance/key-topics
FINRA Guidance,Interpretive Questions,https://www.finra.org/rules-guidance/interpretive-questions
FINRA Guidance,The Rulemaking Process,https://www.finra.org/rules-guidance/rulemaking-process
FINRA Guidance,Rule Filings,https://www.finra.org/rules-guidance/rule-filings
FINRA Guidance,Requests for Comments,https://www.finra.org/rules-guidance/requests-for-comments
FINRA Guidance,Rulebook Consolidation,https://www.finra.org/rules-guidance/rulebook-consolidation
FINRA Guidance,Retrospective Rule Review,https://www.finra.org/rules-guidance/rulemaking-process/retrospective-rule-review
FINRA Guidance,Enforcement,https://www.finra.org/rules-guidance/enforcement
FINRA Guidance,Disciplinary Actions Online,https://www.finra.org/rules-guidance/oversight-enforcement/disciplinary-actions-online
FINRA Guidance,Monthly Disciplinary Actions,https://www.finra.org/rules-guidance/oversight-enforcement/disciplinary-actions
FINRA Guidance,Sanction Guidelines,https://www.finra.org/rules-guidance/oversight-enforcement/sanction-guidelines
FINRA Guidance,Individuals Barred by FINRA,https://www.finra.org/rules-guidance/oversight-enforcement/individuals-barred-finra
FINRA Guidance,Adjudication & Decisions,https://www.finra.org/rules-guidance/adjudication-decisions
FINRA Guidance,National Adjudicatory Council (NAC),https://www.finra.org/rules-guidance/adjudication-decisions/national-adjudicatory-council-nac
FINRA Guidance,Office of Hearing Officers (OHO),https://www.finra.org/rules-guidance/adjudication-decisions/office-hearing-officers-oho/about
FINRA Guidance,5,https://www.finra.org/rules-guidance/topics/5
FINRA Guidance,A,https://www.finra.org/rules-guidance/topics/a
FINRA Guidance,B,https://www.finra.org/rules-guidance/topics/b
FINRA Guidance,C,https://www.finra.org/rules-guidance/topics/c
FINRA Guidance,D,https://www.finra.org/rules-guidance/topics/d
FINRA Guidance,E,https://www.finra.org/rules-guidance/topics/e
FINRA Guidance,F,https://www.finra.org/rules-guidance/topics/f
FINRA Guidance,G,https://www.finra.org/rules-guidance/topics/g
FINRA Guidance,H,https://www.finra.org/rules-guidance/topics/h
FINRA Guidance,I,https://www.finra.org/rules-guidance/topics/i
FINRA Guidance,L,https://www.finra.org/rules-guidance/topics/l
FINRA Guidance,M,https://www.finra.org/rules-guidance/topics/m
FINRA Guidance,N,https://www.finra.org/rules-guidance/topics/n
FINRA Guidance,O,https://www.finra.org/rules-guidance/topics/o
FINRA Guidance,P,https://www.finra.org/rules-guidance/topics/p
FINRA Guidance,Q,https://www.finra.org/rules-guidance/topics/q
FINRA Guidance,R,https://www.finra.org/rules-guidance/topics/r
FINRA Guidance,S,https://www.finra.org/rules-guidance/topics/s
FINRA Guidance,T,https://www.finra.org/rules-guidance/topics/t
FINRA Guidance,V,https://www.finra.org/rules-guidance/topics/v
FINRA Guidance,529 Savings Plans,https://www.finra.org/rules-guidance/guidance/by-topic?term=212
FINRA Guidance,Accounts At Other Broker Dealers and Financial Institutions,https://www.finra.org/rules-guidance/guidance/by-topic?term=150606
FINRA Guidance,Advertising Regulation,https://www.finra.org/rules-guidance/guidance/by-topic?term=251
FINRA Guidance,Algorithmic Trading,https://www.finra.org/rules-guidance/guidance/by-topic?term=4183
FINRA Guidance,Alternative and Complex Products,https://www.finra.org/rules-guidance/guidance/by-topic?term=31
FINRA Guidance,Alternative Display Facility (ADF),https://www.finra.org/rules-guidance/guidance/by-topic?term=201
FINRA Guidance,Annual Audit,https://www.finra.org/rules-guidance/guidance/by-topic?term=148761
FINRA Guidance,Anti-Money Laundering,https://www.finra.org/rules-guidance/guidance/by-topic?term=64
FINRA Guidance,Arbitration and Mediation,https://www.finra.org/rules-guidance/guidance/by-topic?term=146
FINRA Guidance,Auction Rate Securities,https://www.finra.org/rules-guidance/guidance/by-topic?term=196
FINRA Guidance,Back testing,https://www.finra.org/rules-guidance/guidance/by-topic?term=4978
FINRA Guidance,Best Execution,https://www.finra.org/rules-guidance/guidance/by-topic?term=4449
FINRA Guidance,Block Chain / Distributed Ledger Technology,https://www.finra.org/rules-guidance/guidance/by-topic?term=4564
FINRA Guidance,Blue Sheets,https://www.finra.org/rules-guidance/guidance/by-topic?term=4446
FINRA Guidance,Bonds,https://www.finra.org/rules-guidance/guidance/by-topic?term=32
FINRA Guidance,Books and Records,https://www.finra.org/rules-guidance/guidance/by-topic?term=2
FINRA Guidance,Branch Offices,https://www.finra.org/rules-guidance/guidance/by-topic?term=4959
FINRA Guidance,Breakpoints,https://www.finra.org/rules-guidance/guidance/by-topic?term=30
FINRA Guidance,Broker Dealer Registration,https://www.finra.org/rules-guidance/guidance/by-topic?term=3602
FINRA Guidance,Broker-Dealer Recruitment Disclosures,https://www.finra.org/rules-guidance/guidance/by-topic?term=4445
FINRA Guidance,BrokerCheck,https://www.finra.org/rules-guidance/guidance/by-topic?term=268
FINRA Guidance,Business Cards,https://www.finra.org/rules-guidance/guidance/by-topic?term=4970
FINRA Guidance,Business Continuity Planning,https://www.finra.org/rules-guidance/guidance/by-topic?term=240
FINRA Guidance,Business Development Company (BDC),https://www.finra.org/rules-guidance/guidance/by-topic?term=4980
FINRA Guidance,Capital Acquisition Brokers,https://www.finra.org/rules-guidance/guidance/by-topic?term=4533
FINRA Guidance,Central Registration Depository (CRD),https://www.finra.org/rules-guidance/guidance/by-topic?term=3613
FINRA Guidance,Communications with the Public,https://www.finra.org/rules-guidance/guidance/by-topic?term=197
FINRA Guidance,Compliance Resources,https://www.finra.org/rules-guidance/guidance/by-topic?term=4853
FINRA Guidance,Conflicts of Interest,https://www.finra.org/rules-guidance/guidance/by-topic?term=225
FINRA Guidance,Consolidated Audit Trail (CAT),https://www.finra.org/rules-guidance/guidance/by-topic?term=3614
FINRA Guidance,Consolidated Reports,https://www.finra.org/rules-guidance/guidance/by-topic?term=5015
FINRA Guidance,Continuing Education,https://www.finra.org/rules-guidance/guidance/by-topic?term=62356
FINRA Guidance,Continuing Membership Applications,https://www.finra.org/rules-guidance/guidance/by-topic?term=3681
FINRA Guidance,Corporate Financing,https://www.finra.org/rules-guidance/guidance/by-topic?term=71
FINRA Guidance,COVID-19 / Coronavirus,https://www.finra.org/rules-guidance/guidance/by-topic?term=150881
FINRA Guidance,Credit for Cooperation,https://www.finra.org/rules-guidance/guidance/by-topic?term=150631
FINRA Guidance,Crypto Assets,https://www.finra.org/rules-guidance/guidance/by-topic?term=166131
FINRA Guidance,Customer Account Statements,https://www.finra.org/rules-guidance/guidance/by-topic?term=75
FINRA Guidance,Customer Account Transfers,https://www.finra.org/rules-guidance/guidance/by-topic?term=245
FINRA Guidance,Customer Information Protection,https://www.finra.org/rules-guidance/guidance/by-topic?term=57
FINRA Guidance,Cybersecurity,https://www.finra.org/rules-guidance/guidance/by-topic?term=3686
FINRA Guidance,Day Trading,https://www.finra.org/rules-guidance/guidance/by-topic?term=124
FINRA Guidance,Deferred Annuities,https://www.finra.org/rules-guidance/guidance/by-topic?term=50
FINRA Guidance,Digital Experience Transformation (DXT),https://www.finra.org/rules-guidance/guidance/by-topic?term=150711
FINRA Guidance,Direct Participation Programs (DPPs),https://www.finra.org/rules-guidance/guidance/by-topic?term=96
FINRA Guidance,E-Bill,https://www.finra.org/rules-guidance/guidance/by-topic?term=150591
FINRA Guidance,Education,https://www.finra.org/rules-guidance/guidance/by-topic?term=3589
FINRA Guidance,EFocus,https://www.finra.org/rules-guidance/guidance/by-topic?term=150581
FINRA Guidance,Electronic Communications,https://www.finra.org/rules-guidance/guidance/by-topic?term=18
FINRA Guidance,Electronic Fingerprint Processing,https://www.finra.org/rules-guidance/guidance/by-topic?term=4464
FINRA Guidance,Enforcement Process,https://www.finra.org/rules-guidance/guidance/by-topic?term=4952
FINRA Guidance,Essentials Exam,https://www.finra.org/rules-guidance/guidance/by-topic?term=5031
FINRA Guidance,Exam Restructuring,https://www.finra.org/rules-guidance/guidance/by-topic?term=4985
FINRA Guidance,Exchange Traded Funds (ETFs),https://www.finra.org/rules-guidance/guidance/by-topic?term=87
FINRA Guidance,Expertise,https://www.finra.org/rules-guidance/guidance/by-topic?term=5017
FINRA Guidance,Expungement,https://www.finra.org/rules-guidance/guidance/by-topic?term=166046
FINRA Guidance,Fidelity Bonds,https://www.finra.org/rules-guidance/guidance/by-topic?term=166926
FINRA Guidance,Filing Requirements,https://www.finra.org/rules-guidance/guidance/by-topic?term=4945
FINRA Guidance,"Financial and Operational Rules, Interpretations to the SEC’s",https://www.finra.org/rules-guidance/guidance/by-topic?term=148771
FINRA Guidance,Financial Responsibility,https://www.finra.org/rules-guidance/guidance/by-topic?term=4435
FINRA Guidance,Fingerprints,https://www.finra.org/rules-guidance/guidance/by-topic?term=4462
FINRA Guidance,FINRA Foundation,https://www.finra.org/rules-guidance/guidance/by-topic?term=3670
FINRA Guidance,FINRA Membership/Name,https://www.finra.org/rules-guidance/guidance/by-topic?term=4955
FINRA Guidance,FINRA360,https://www.finra.org/rules-guidance/guidance/by-topic?term=4826
FINRA Guidance,FinTech,https://www.finra.org/rules-guidance/guidance/by-topic?term=4563
FINRA Guidance,Fixed Income,https://www.finra.org/rules-guidance/guidance/by-topic?term=3663
FINRA Guidance,Foreign Exchange Trading,https://www.finra.org/rules-guidance/guidance/by-topic?term=89
FINRA Guidance,Free Writing Prospectus,https://www.finra.org/rules-guidance/guidance/by-topic?term=4948
FINRA Guidance,Funding and Liquidity,https://www.finra.org/rules-guidance/guidance/by-topic?term=4177
FINRA Guidance,Funding Portals,https://www.finra.org/rules-guidance/guidance/by-topic?term=112
FINRA Guidance,GASB Accounts Support Fee,https://www.finra.org/rules-guidance/guidance/by-topic?term=4902
FINRA Guidance,Ghost-writing,https://www.finra.org/rules-guidance/guidance/by-topic?term=4954
FINRA Guidance,"Gifts, Gratuities and Non-Cash Compensation",https://www.finra.org/rules-guidance/guidance/by-topic?term=288
FINRA Guidance,Governmental Accounting Standards Board (GASB),https://www.finra.org/rules-guidance/guidance/by-topic?term=4901
FINRA Guidance,Hedge Funds,https://www.finra.org/rules-guidance/guidance/by-topic?term=100
FINRA Guidance,Hyperlinks,https://www.finra.org/rules-guidance/guidance/by-topic?term=4969
FINRA Guidance,Illiquid Investments,https://www.finra.org/rules-guidance/guidance/by-topic?term=4953
FINRA Guidance,Indications of Interest,https://www.finra.org/rules-guidance/guidance/by-topic?term=4951
FINRA Guidance,Individual Registration,https://www.finra.org/rules-guidance/guidance/by-topic?term=3601
FINRA Guidance,Individual Retirement Accounts (IRAs),https://www.finra.org/rules-guidance/guidance/by-topic?term=136
FINRA Guidance,Information and Testimony Requests,https://www.finra.org/rules-guidance/guidance/by-topic?term=150626
FINRA Guidance,Initial Public Offering (IPO),https://www.finra.org/rules-guidance/guidance/by-topic?term=145
FINRA Guidance,Investment Banking Referrals,https://www.finra.org/rules-guidance/guidance/by-topic?term=150986
FINRA Guidance,Investors,https://www.finra.org/rules-guidance/guidance/by-topic?term=171
FINRA Guidance,Letterhead,https://www.finra.org/rules-guidance/guidance/by-topic?term=4971
FINRA Guidance,Life Settlements,https://www.finra.org/rules-guidance/guidance/by-topic?term=5016
FINRA Guidance,Margin Regulation,https://www.finra.org/rules-guidance/guidance/by-topic?term=228
FINRA Guidance,Mark-ups / Mark-Downs,https://www.finra.org/rules-guidance/guidance/by-topic?term=4437
FINRA Guidance,Market Access,https://www.finra.org/rules-guidance/guidance/by-topic?term=4528
FINRA Guidance,Member Application Program,https://www.finra.org/rules-guidance/guidance/by-topic?term=3685
FINRA Guidance,Mergers Acquisitions and Business Transfers,https://www.finra.org/rules-guidance/guidance/by-topic?term=229
FINRA Guidance,Military,https://www.finra.org/rules-guidance/guidance/by-topic?term=77
FINRA Guidance,Money Market Securities,https://www.finra.org/rules-guidance/guidance/by-topic?term=88
FINRA Guidance,Municipal Advisor Regulation,https://www.finra.org/rules-guidance/guidance/by-topic?term=3615
FINRA Guidance,Municipal Securities,https://www.finra.org/rules-guidance/guidance/by-topic?term=237
FINRA Guidance,Mutual Funds,https://www.finra.org/rules-guidance/guidance/by-topic?term=297
FINRA Guidance,National Market System Plans,https://www.finra.org/rules-guidance/guidance/by-topic?term=150636
FINRA Guidance,Near Retirement,https://www.finra.org/rules-guidance/guidance/by-topic?term=73
FINRA Guidance,Negative Response Letters,https://www.finra.org/rules-guidance/guidance/by-topic?term=4974
FINRA Guidance,Net Capital,https://www.finra.org/rules-guidance/guidance/by-topic?term=207
FINRA Guidance,New Account Process,https://www.finra.org/rules-guidance/guidance/by-topic?term=4185
FINRA Guidance,Office of Hearing Officers (OHO),https://www.finra.org/rules-guidance/guidance/by-topic?term=450
FINRA Guidance,Options,https://www.finra.org/rules-guidance/guidance/by-topic?term=14
FINRA Guidance,Options Allocation,https://www.finra.org/rules-guidance/guidance/by-topic?term=151681
FINRA Guidance,Options Exchange Filings,https://www.finra.org/rules-guidance/guidance/by-topic?term=148756
FINRA Guidance,Order Audit Trail System (OATS),https://www.finra.org/rules-guidance/guidance/by-topic?term=3605
FINRA Guidance,OTC (ATS & Non-ATS) Transparency,https://www.finra.org/rules-guidance/guidance/by-topic?term=256
FINRA Guidance,Over-the-Counter Reporting Facility (ORF),https://www.finra.org/rules-guidance/guidance/by-topic?term=3606
FINRA Guidance,Principal Approval,https://www.finra.org/rules-guidance/guidance/by-topic?term=4950
FINRA Guidance,Principal Protected Notes,https://www.finra.org/rules-guidance/guidance/by-topic?term=4868
FINRA Guidance,Private Placements,https://www.finra.org/rules-guidance/guidance/by-topic?term=204
FINRA Guidance,Product Vetting,https://www.finra.org/rules-guidance/guidance/by-topic?term=4908
FINRA Guidance,Professional Designations,https://www.finra.org/rules-guidance/guidance/by-topic?term=5018
FINRA Guidance,Projections,https://www.finra.org/rules-guidance/guidance/by-topic?term=4972
FINRA Guidance,Proprietary Trading,https://www.finra.org/rules-guidance/guidance/by-topic?term=4436
FINRA Guidance,Public non-traded REITS,https://www.finra.org/rules-guidance/guidance/by-topic?term=111
FINRA Guidance,Public Offerings,https://www.finra.org/rules-guidance/guidance/by-topic?term=4438
FINRA Guidance,Qualification Exams,https://www.finra.org/rules-guidance/guidance/by-topic?term=62351
FINRA Guidance,Real Estate Investment Trusts,https://www.finra.org/rules-guidance/guidance/by-topic?term=260
FINRA Guidance,Registered Investment Advisers (RIA),https://www.finra.org/rules-guidance/guidance/by-topic?term=4973
FINRA Guidance,Regulation Best Interest (REG BI),https://www.finra.org/rules-guidance/guidance/by-topic?term=150571
FINRA Guidance,Regulation D Offerings,https://www.finra.org/rules-guidance/guidance/by-topic?term=4871
FINRA Guidance,Regulation M,https://www.finra.org/rules-guidance/guidance/by-topic?term=150576
FINRA Guidance,Regulation NMS,https://www.finra.org/rules-guidance/guidance/by-topic?term=3608
FINRA Guidance,Related Performance,https://www.finra.org/rules-guidance/guidance/by-topic?term=4977
FINRA Guidance,Remote Inspections Pilot Program,https://www.finra.org/rules-guidance/guidance/by-topic?term=166316
FINRA Guidance,Research Analyst Rules,https://www.finra.org/rules-guidance/guidance/by-topic?term=5
FINRA Guidance,Research Reports,https://www.finra.org/rules-guidance/guidance/by-topic?term=4965
FINRA Guidance,Residential Supervisory Locations (RSLs),https://www.finra.org/rules-guidance/guidance/by-topic?term=166321
FINRA Guidance,Reverse Convertible Notes (RCN),https://www.finra.org/rules-guidance/guidance/by-topic?term=4453
FINRA Guidance,Rule 4530 Reporting Requirements,https://www.finra.org/rules-guidance/guidance/by-topic?term=148766
FINRA Guidance,Sanction Guidelines,https://www.finra.org/rules-guidance/guidance/by-topic?term=4946
FINRA Guidance,SEC’s July 2013 Financial Responsibility Rule Amendments,https://www.finra.org/rules-guidance/guidance/by-topic?term=148776
FINRA Guidance,Senior Designations,https://www.finra.org/rules-guidance/guidance/by-topic?term=4947
FINRA Guidance,Senior Investors,https://www.finra.org/rules-guidance/guidance/by-topic?term=3585
FINRA Guidance,Short Interest Reporting,https://www.finra.org/rules-guidance/guidance/by-topic?term=4457
FINRA Guidance,Short Selling,https://www.finra.org/rules-guidance/guidance/by-topic?term=4456
FINRA Guidance,Social Media,https://www.finra.org/rules-guidance/guidance/by-topic?term=179
FINRA Guidance,Statutory Disqualification,https://www.finra.org/rules-guidance/guidance/by-topic?term=150601
FINRA Guidance,Structured Products,https://www.finra.org/rules-guidance/guidance/by-topic?term=58
FINRA Guidance,Suitability,https://www.finra.org/rules-guidance/guidance/by-topic?term=301
FINRA Guidance,Supervision,https://www.finra.org/rules-guidance/guidance/by-topic?term=233
FINRA Guidance,Supplemental Liquidity Schedule,https://www.finra.org/rules-guidance/guidance/by-topic?term=151876
FINRA Guidance,Supplemental Statement of Income (SSOI),https://www.finra.org/rules-guidance/guidance/by-topic?term=150596
FINRA Guidance,Taping Rule,https://www.finra.org/rules-guidance/guidance/by-topic?term=151426
FINRA Guidance,Telemarketing,https://www.finra.org/rules-guidance/guidance/by-topic?term=278
FINRA Guidance,Templates,https://www.finra.org/rules-guidance/guidance/by-topic?term=4976
FINRA Guidance,Third Party Research,https://www.finra.org/rules-guidance/guidance/by-topic?term=4979
FINRA Guidance,TRACE ATS Reporting,https://www.finra.org/rules-guidance/guidance/by-topic?term=152286
FINRA Guidance,Trade Reporting and Compliance Engine (TRACE),https://www.finra.org/rules-guidance/guidance/by-topic?term=3609
FINRA Guidance,Trade Reporting Facility (TRF),https://www.finra.org/rules-guidance/guidance/by-topic?term=3610
FINRA Guidance,Trading Activity Fee,https://www.finra.org/rules-guidance/guidance/by-topic?term=150586
FINRA Guidance,Transactions Involving FINRA Employees,https://www.finra.org/rules-guidance/guidance/by-topic?term=166331
FINRA Guidance,Variable Annuities,https://www.finra.org/rules-guidance/guidance/by-topic?term=167
FINRA Guidance,Variable Life Insurance Products,https://www.finra.org/rules-guidance/guidance/by-topic?term=4873
FINRA Guidance,VIX-Linked Products (Volatility Index),https://www.finra.org/rules-guidance/guidance/by-topic?term=4905
FINRA Guidance,Regulatory Notice 25-13,https://www.finra.org/rules-guidance/notices/25-13
FINRA Guidance,Cybersecurity Alert – Red Hat Security Incident,https://www.finra.org/rules-guidance/guidance/red-hat-security-incident-20251010
FINRA Guidance,Cybersecurity Alert – Oracle E-Business Suite Critical Vulnerability,https://www.finra.org/rules-guidance/guidance/oracle-e-business-suite-critical-vulnerability-20251008
FINRA Guidance,Regulatory Notice 25-12,https://www.finra.org/rules-guidance/notices/25-12
FINRA Guidance,Cybersecurity Alert – Numerous Critical Cisco Vulnerabilities,https://www.finra.org/rules-guidance/guidance/numerous-critical-cisco-vulnerabilities-20250926
FINRA Guidance,Regulatory Notice 25-11,https://www.finra.org/rules-guidance/notices/25-11
FINRA Guidance,Regulatory Notice 25-10,https://www.finra.org/rules-guidance/notices/25-10
FINRA Guidance,Cybersecurity Alert – Salesloft Drift AI Supply Chain Attack,https://www.finra.org/rules-guidance/guidance/salesloft-drift-AI-supply-chain-attack
FINRA Guidance,Cybersecurity Alert – Cisco Secure Firewall Management Center Vulnerability,https://www.finra.org/rules-guidance/guidance/cisco-secure-firewall-management-center-vulnerability
FINRA Guidance,Regulatory Notice 25-09,https://www.finra.org/rules-guidance/notices/25-09
FINRA Guidance,Cybersecurity Alert – Microsoft SharePoint Critical Vulnerability,https://www.finra.org/rules-guidance/guidance/microsoft-sharepoint-critical-vulnerability
FINRA Guidance,Alert: Treasury Names Three Mexico-Based Financial Institutions as a Primary Money Laundering Concern,https://www.finra.org/rules-guidance/key-topics/aml/alert-treasury-names-three-mexico-based-financial-institutions-primary
FINRA Guidance,Cybersecurity Alert – Ongoing Phishing Campaign Impersonating FINRA Executives,https://www.finra.org/rules-guidance/guidance/cybersecurity-alert-ongoing-phishing-impersonating-finra-executives
FINRA Guidance,Cybersecurity Advisory – Endpoint Detection and Response (EDR) Vulnerability: SentinelOne and Potentially Other EDR Service Providers,https://www.finra.org/rules-guidance/guidance/cybersecurity-advisory-endpoint-detection-and-response-edr-vulnerability
FINRA Guidance,Withdrawal of Joint Staff Statement on Broker-Dealer Custody of Digital Asset Securities,https://www.finra.org/rules-guidance/key-topics/crypto-assets/withdrawal-joint-070819-statement
FINRA Guidance,Cybersecurity Advisory – Fast Flux: A National Security Threat,https://www.finra.org/rules-guidance/guidance/cybersecurity-advisory-fast-flux
FINRA Guidance,Next pageNext ›,https://www.finra.org/rules-guidance/guidance?page=1
FINRA Guidance,Annual Exam Priorities Letters,https://www.finra.org/rules-guidance/guidance/exam-priority-letters
FINRA Guidance,Comment Letters Submitted by FINRA,https://www.finra.org/rules-guidance/guidance/comment-letters
FINRA Guidance,Exemptive Letters,https://www.finra.org/rules-guidance/guidance/exemptive-letters
FINRA Guidance,"Financial and Operational Rules, Interpretations to the SEC's",https://www.finra.org/rules-guidance/guidance/interpretations-financial-operational-rules
FINRA Guidance,Frequently Asked Questions,https://www.finra.org/rules-guidance/guidance/faqs
FINRA Guidance,Interpretive Letters,https://www.finra.org/rules-guidance/guidance/interpretive-letters
FINRA Guidance,Regulatory Compliance Alerts,https://www.finra.org/rules-guidance/guidance/regulatory-compliance-alerts
FINRA Guidance,Targeted Examination Letters,https://www.finra.org/rules-guidance/guidance/targeted-examination-letters
Disciplinary Action,Disciplinary Actions Online,https://www.finra.org/rules-guidance/oversight-enforcement/disciplinary-actions-online
Disciplinary Action,Monthly Disciplinary Actions,https://www.finra.org/rules-guidance/oversight-enforcement/disciplinary-actions
Disciplinary Action,Related Documents,https://www.finra.org/rules-guidance/oversight-enforcement/finra-disciplinary-actions?search=2021071094401
